car_name,fuel_type,kms_driven,transmission,manufacturing_year,price(in lakhs)
2017 Mercedes-Benz S-Class S400,Petrol,56000.0,Automatic,2017,63.75
2020 Nissan Magnite Turbo CVT XV Premium Opt BSVI,Petrol,30615.0,Automatic,2020,8.99
2018 BMW X1 sDrive 20d xLine,Diesel,24000.0,Automatic,2018,23.75
2019 Kia Seltos GTX Plus,Petrol,18378.0,Manual,2019,13.56
2019 Skoda Superb LK 1.8 TSI AT,Petrol,44900.0,Automatic,2019,24.0
2017 Honda Jazz 1.2 S i VTEC,Petrol,42000.0,Manual,2017,5.45
2018 Hyundai Grand i10 1.2 Kappa Sportz BSIV,Petrol,36739.0,Manual,2018,5.12
2018 Hyundai Creta 1.6 SX,Petrol,76000.0,Manual,2018,9.3
2015 Mercedes-Benz S-Class S 350 CDI,Diesel,68000.0,Automatic,2015,42.0
2019 Tata Nexon 1.2 Revotron XZ Plus,Petrol,28783.0,Manual,2019,8.02
2020 Honda City VX CVT,Petrol,40000.0,Automatic,2020,10.95
2021 Renault Duster RXS,Petrol,17382.0,Manual,2021,8.99
2014 BMW 3 Series 320d Prestige,Diesel,120000.0,Automatic,2014,7.45
2021 Hyundai Venue SX Plus Turbo DCT,Petrol,17000.0,Automatic,2021,10.95
2019 Hyundai Grand i10 1.2 Kappa Sportz BSIV,Petrol,26867.0,Manual,2019,5.78
2022 Hyundai i20 Asta Opt,Petrol,30000.0,Manual,2022,8.95
2014 BMW 3 Series 320d Luxury Line,Diesel,150000.0,Automatic,2014,8.5
2018 BMW 3 Series 320d Luxury Line,Diesel,53000.0,Automatic,2018,23.5
2019 Ford Ecosport 1.5 Petrol Titanium Plus BSIV,Petrol,40000.0,Manual,2019,7.95
2020 Jeep Compass 1.4 Limited Plus,Petrol,48000.0,Automatic,2020,18.95
2021 MG Gloster Savvy 6-Str,Diesel,35000.0,Automatic,2021,35.0
2010 Maruti Swift 1.2 VXi BSII,Petrol,100525.0,Manual,2010,2.09
2015 Honda City i VTEC CVT VX,Petrol,83000.0,Automatic,2015,6.25
2011 Maruti Wagon R LXI BSIII,Petrol,40191.0,Manual,2011,2.12
2015 Audi A6 35 TDI,Diesel,62152.0,Automatic,2015,20.0
2017 Hyundai Creta 1.6 VTVT S,Petrol,49000.0,Manual,2017,8.35
2017 Maruti Baleno 1.2 Delta,Petrol,56215.0,Manual,2017,5.03
2018 Toyota Yaris J,Petrol,53000.0,Manual,2018,6.95
2015 Toyota Fortuner 4x2 AT,Diesel,100000.0,Automatic,2015,16.0
2020 Hyundai Creta SX Turbo BSVI,Petrol,36346.0,Automatic,2020,15.22
2018 Jaguar XE 2.0L Diesel Portfolio,Diesel,48000.0,Automatic,2018,26.95
2019 Hyundai i20 Sportz Plus BSIV,Petrol,42098.0,Manual,2019,6.7
2018 Jeep Compass 2.0 Longitude Option BSIV,Diesel,40000.0,Manual,2018,10.75
2019 BMW X1 sDrive 20d xLine,Diesel,64000.0,Automatic,2019,25.5
2022 Maruti Swift ZXI Plus DT AMT BSVI,Petrol,13158.0,Automatic,2022,8.38
2018 Hyundai Creta 1.6 SX Automatic Diesel,Diesel,65400.0,Automatic,2018,10.9
2017 Honda Amaze S i-VTEC,Petrol,100000.0,Manual,2017,3.95
2022 Tata Tiago XZ Plus CNG BSVI,CNG,30000.0,Manual,2022,7.25
2017 Honda Jazz 1.5 E i DTEC,Diesel,62000.0,Manual,2017,4.75
2010 Volkswagen Beetle 2.0,Petrol,40000.0,Automatic,2010,11.95
2021 MG Gloster Savvy 6-Str,Diesel,35000.0,Automatic,2021,35.0
2010 Maruti Swift 1.2 VXi BSII,Petrol,100525.0,Manual,2010,2.09
2015 Honda City i VTEC CVT VX,Petrol,83000.0,Automatic,2015,6.25
2011 Maruti Wagon R LXI BSIII,Petrol,40191.0,Manual,2011,2.12
2015 Audi A6 35 TDI,Diesel,62152.0,Automatic,2015,20.0
2017 Hyundai Creta 1.6 VTVT S,Petrol,49000.0,Manual,2017,8.35
2017 Maruti Baleno 1.2 Delta,Petrol,56215.0,Manual,2017,5.03
2018 Toyota Yaris J,Petrol,53000.0,Manual,2018,6.95
2015 Toyota Fortuner 4x2 AT,Diesel,100000.0,Automatic,2015,16.0
2020 Hyundai Creta SX Turbo BSVI,Petrol,36346.0,Automatic,2020,15.22
2018 Jaguar XE 2.0L Diesel Portfolio,Diesel,48000.0,Automatic,2018,26.95
2019 Hyundai i20 Sportz Plus BSIV,Petrol,42098.0,Manual,2019,6.7
2018 Jeep Compass 2.0 Longitude Option BSIV,Diesel,40000.0,Manual,2018,10.75
2019 BMW X1 sDrive 20d xLine,Diesel,64000.0,Automatic,2019,25.5
2022 Maruti Swift ZXI Plus DT AMT BSVI,Petrol,13158.0,Automatic,2022,8.38
2018 Hyundai Creta 1.6 SX Automatic Diesel,Diesel,65400.0,Automatic,2018,10.9
2017 Honda Amaze S i-VTEC,Petrol,100000.0,Manual,2017,3.95
2022 Tata Tiago XZ Plus CNG BSVI,CNG,30000.0,Manual,2022,7.25
2017 Honda Jazz 1.5 E i DTEC,Diesel,62000.0,Manual,2017,4.75
2010 Volkswagen Beetle 2.0,Petrol,40000.0,Automatic,2010,11.95
2023 Honda City ZX CVT,Petrol,10280.0,Automatic,2023,16.0
2015 Maruti Baleno 1.2 Alpha,Petrol,17282.0,Manual,2015,5.45
2019 Honda CR-V 2.0 CVT,Petrol,30500.0,Automatic,2019,22.95
2020 Kia Seltos HTX Plus Diesel,Diesel,60755.0,Manual,2020,13.51
2021 Mercedes-Benz C-Class Progressive C 200,Petrol,25000.0,Automatic,2021,40.75
2018 Mahindra Scorpio S11,Diesel,47000.0,Manual,2018,14.5
2020 Kia Seltos GTX DCT,Petrol,59316.0,Automatic,2020,13.99
2021 Toyota Yaris J BSIV,Petrol,48000.0,Manual,2021,6.95
2023 BMW 5 Series 530i M Sport BSVI,Petrol,20000.0,Automatic,2023,65.0
2020 Renault KWID Climber 1.0 AMT Opt,Petrol,12503.0,Automatic,2020,5.15
2021 Jeep Compass 1.4 Sport BSVI,Petrol,10000.0,Manual,2021,15.95
2011 Maruti Swift 1.2 VXi BSII,Petrol,73717.0,Manual,2011,2.41
2016 Mercedes-Benz GL-Class 350 CDI Blue Efficiency,Diesel,90000.0,Automatic,2016,32.5
2017 Honda Jazz V CVT,Petrol,17000.0,Automatic,2017,5.95
2014 Hyundai Grand i10 AT Asta,Petrol,36047.0,Automatic,2014,4.32
2018 Maruti Wagon R CNG LXI,CNG,45000.0,Manual,2018,4.45
2009 Maruti Swift Dzire VDi,Diesel,100000.0,Manual,2009,2.0
2016 Hyundai i10 Sportz,Petrol,50000.0,Manual,2016,3.45
2018 Maruti Swift VXI,Petrol,51000.0,Manual,2018,5.5
2018 Mahindra XUV500 W5,Diesel,62000.0,Manual,2018,8.5
2023 Honda City ZX CVT,Petrol,10280.0,Automatic,2023,16.0
2015 Maruti Baleno 1.2 Alpha,Petrol,17282.0,Manual,2015,5.45
2019 Honda CR-V 2.0 CVT,Petrol,30500.0,Automatic,2019,22.95
2020 Kia Seltos HTX Plus Diesel,Diesel,60755.0,Manual,2020,13.51
2021 Mercedes-Benz C-Class Progressive C 200,Petrol,25000.0,Automatic,2021,40.75
2018 Mahindra Scorpio S11,Diesel,47000.0,Manual,2018,14.5
2020 Kia Seltos GTX DCT,Petrol,59316.0,Automatic,2020,13.99
2021 Toyota Yaris J BSIV,Petrol,48000.0,Manual,2021,6.95
2023 BMW 5 Series 530i M Sport BSVI,Petrol,20000.0,Automatic,2023,65.0
2020 Renault KWID Climber 1.0 AMT Opt,Petrol,12503.0,Automatic,2020,5.15
2021 Jeep Compass 1.4 Sport BSVI,Petrol,10000.0,Manual,2021,15.95
2011 Maruti Swift 1.2 VXi BSII,Petrol,73717.0,Manual,2011,2.41
2016 Mercedes-Benz GL-Class 350 CDI Blue Efficiency,Diesel,90000.0,Automatic,2016,32.5
2017 Honda Jazz V CVT,Petrol,17000.0,Automatic,2017,5.95
2014 Hyundai Grand i10 AT Asta,Petrol,36047.0,Automatic,2014,4.32
2018 Maruti Wagon R CNG LXI,CNG,45000.0,Manual,2018,4.45
2009 Maruti Swift Dzire VDi,Diesel,100000.0,Manual,2009,2.0
2016 Hyundai i10 Sportz,Petrol,50000.0,Manual,2016,3.45
2018 Maruti Swift VXI,Petrol,51000.0,Manual,2018,5.5
2018 Mahindra XUV500 W5,Diesel,62000.0,Manual,2018,8.5
2017 Toyota Camry 2.5 Hybrid,Petrol,45000.0,Automatic,2017,22.5
2021 Hyundai i20 Asta Opt Turbo DCT BSVI,Petrol,17041.0,Automatic,2021,10.49
2018 Mahindra XUV500 W6 1.99 mHawk,Diesel,49000.0,Manual,2018,9.25
2020 Hyundai Venue SX Turbo,Petrol,23588.0,Manual,2020,9.2
2018 Mercedes-Benz CLA Urban Sport 200d,Diesel,50000.0,Automatic,2018,22.0
2017 Toyota Innova Crysta 2.8 GX AT BSIV,Diesel,76000.0,Automatic,2017,14.75
2019 Maruti Baleno Delta,Petrol,49341.0,Manual,2019,5.76
2013 Honda Amaze VX i-Vtech,Petrol,56000.0,Manual,2013,3.25
2023 MG Hector Plus 1.5 Turbo Sharp Pro CVT BSVI,Petrol,12000.0,Automatic,2023,21.0
2014 Honda City i VTEC V,Petrol,51734.0,Manual,2014,5.72
2018 Maruti Swift VXI,Petrol,22000.0,Manual,2018,5.75
2018 Hyundai Creta 1.6 SX Diesel,Diesel,45084.0,Manual,2018,9.22
2015 Mahindra Scorpio S10 AT 4WD,Diesel,20000.0,Automatic,2015,11.0
2016 Honda Amaze S i-VTEC,Petrol,29000.0,Manual,2016,4.8
2021 Hyundai Venue SX Turbo,Petrol,16763.0,Manual,2021,9.69
2022 Tata Altroz XM plus BSVI,Petrol,6000.0,Manual,2022,6.95
2015 Mahindra XUV500 W4,Diesel,86000.0,Manual,2015,5.45
2018 Honda Jazz VX CVT,Petrol,24000.0,Automatic,2018,6.55
2021 Hyundai Venue S,Petrol,9000.0,Manual,2021,7.75
2017 Toyota Camry 2.5 Hybrid,Petrol,45000.0,Automatic,2017,22.5
2021 Hyundai i20 Asta Opt Turbo DCT BSVI,Petrol,17041.0,Automatic,2021,10.49
2018 Mahindra XUV500 W6 1.99 mHawk,Diesel,49000.0,Manual,2018,9.25
2020 Hyundai Venue SX Turbo,Petrol,23588.0,Manual,2020,9.2
2018 Mercedes-Benz CLA Urban Sport 200d,Diesel,50000.0,Automatic,2018,22.0
2017 Toyota Innova Crysta 2.8 GX AT BSIV,Diesel,76000.0,Automatic,2017,14.75
2019 Maruti Baleno Delta,Petrol,49341.0,Manual,2019,5.76
2013 Honda Amaze VX i-Vtech,Petrol,56000.0,Manual,2013,3.25
2023 MG Hector Plus 1.5 Turbo Sharp Pro CVT BSVI,Petrol,12000.0,Automatic,2023,21.0
2014 Honda City i VTEC V,Petrol,51734.0,Manual,2014,5.72
2018 Maruti Swift VXI,Petrol,22000.0,Manual,2018,5.75
2018 Hyundai Creta 1.6 SX Diesel,Diesel,45084.0,Manual,2018,9.22
2015 Mahindra Scorpio S10 AT 4WD,Diesel,20000.0,Automatic,2015,11.0
2016 Honda Amaze S i-VTEC,Petrol,29000.0,Manual,2016,4.8
2021 Hyundai Venue SX Turbo,Petrol,16763.0,Manual,2021,9.69
2022 Tata Altroz XM plus BSVI,Petrol,6000.0,Manual,2022,6.95
2015 Mahindra XUV500 W4,Diesel,86000.0,Manual,2015,5.45
2018 Honda Jazz VX CVT,Petrol,24000.0,Automatic,2018,6.55
2021 Hyundai Venue S,Petrol,9000.0,Manual,2021,7.75
2022 Kia Carens Prestige Plus Turbo DCT 2022-2023,Petrol,14900.0,Automatic,2022,16.5
2022 Hyundai i20 N-Line N8 DCT BSVI,Petrol,17172.0,Automatic,2022,10.33
2020 Mercedes-Benz GLE 300d BSVI,Diesel,33000.0,Automatic,2020,78.0
2016 Renault KWID RXT,Petrol,38000.0,Manual,2016,1.85
2022 Tata Altroz XZ Plus BSVI,Petrol,11501.0,Manual,2022,8.24
2022 Mercedes-Benz GLE 300d BSVI,Diesel,43703.0,Automatic,2022,82.9
2021 Toyota Fortuner Legender 4x2 AT,Diesel,29800.0,Automatic,2021,44.0
2020 Maruti Baleno Zeta,Petrol,22051.0,Manual,2020,6.98
2021 Maruti Baleno Sigma,Petrol,32965.0,Manual,2021,5.75
2014 Hyundai i10 Magna 1.1L,Petrol,96593.0,Manual,2014,2.73
2017 Hyundai Verna 1.6 VTVT SX Option,Petrol,50000.0,Manual,2017,6.75
2022 BMW 2 Series 220i M Sport Pro BSVI,Petrol,15000.0,Automatic,2022,42.0
2020 Tata Tiago XZ Plus Dual Tone Roof BSVI,Petrol,27138.0,Manual,2020,5.92
2022 Maruti Baleno 1.2 Delta,Petrol,15000.0,Manual,2022,7.25
2018 Mercedes-Benz CLS-Class 250 CDI,Diesel,10000.0,Automatic,2018,38.0
2023 Mahindra Scorpio N Z8L AT BSVI,Petrol,9000.0,Automatic,2023,23.45
2021 Kia Sonet HTX Plus Turbo iMT BSVI,Petrol,10000.0,Manual,2021,10.2
2020 Kia Seltos GTX Plus Diesel AT,Diesel,70000.0,Automatic,2020,14.95
2020 Mercedes-Benz C-Class Progressive C 220d,Diesel,30000.0,Automatic,2020,37.5
2021 Hyundai i20 N-Line N8 DCT BSVI,Petrol,16684.0,Automatic,2021,11.11
2019 Mercedes-Benz AMG C43 4MATIC Coupe,Petrol,30000.0,Automatic,2019,67.0
2012 Maruti Swift LXI BSIV,Petrol,92543.0,Manual,2012,2.74
2021 Mahindra XUV700 AX7 AT Luxury Pack BSVI,Petrol,25000.0,Automatic,2021,24.75
2016 Ford Ecosport 1.5 Diesel Titanium Plus,Diesel,59870.0,Manual,2016,4.95
2016 Hyundai i20 Sportz 1.2,Petrol,62700.0,Manual,2016,5.22
2019 Kia Seltos HTX Plus AT D,Diesel,42132.0,Automatic,2019,14.75
2018 Mercedes-Benz CLA 200 CGI Sport,Petrol,32000.0,Automatic,2018,25.75
2010 Maruti A-Star Zxi,Petrol,58873.0,Manual,2010,1.82
2018 Renault Duster Petrol RXS CVT,Petrol,10000.0,Automatic,2018,7.95
2022 Tata Altroz XZ Plus BSVI,Petrol,14069.0,Manual,2022,8.24
2014 Renault Duster RXL AWD,Diesel,80000.0,Manual,2014,2.85
2016 Honda City i VTEC V,Petrol,57453.0,Manual,2016,6.24
2011 Ford Figo Petrol EXI,Petrol,66717.0,Manual,2011,70000.0
2016 Mercedes-Benz GLS 350d 4MATIC,Diesel,40000.0,Automatic,2016,43.33
2022 Volvo XC40 T4 R-Design,Petrol,16433.0,Automatic,2022,43.75
2018 BMW X1 sDrive20i xLine,Petrol,17860.0,Automatic,2018,29.9
2020 Toyota Innova Crysta 2.8 ZX AT BSIV,Diesel,52000.0,Automatic,2020,22.5
2020 Mercedes-Benz C-Class Progressive C 220d,Diesel,30000.0,Automatic,2020,37.5
2021 Hyundai i20 N-Line N8 DCT BSVI,Petrol,16684.0,Automatic,2021,11.11
2019 Mercedes-Benz AMG C43 4MATIC Coupe,Petrol,30000.0,Automatic,2019,67.0
2012 Maruti Swift LXI BSIV,Petrol,92543.0,Manual,2012,2.74
2021 Mahindra XUV700 AX7 AT Luxury Pack BSVI,Petrol,25000.0,Automatic,2021,24.75
2016 Ford Ecosport 1.5 Diesel Titanium Plus,Diesel,59870.0,Manual,2016,4.95
2016 Hyundai i20 Sportz 1.2,Petrol,62700.0,Manual,2016,5.22
2019 Kia Seltos HTX Plus AT D,Diesel,42132.0,Automatic,2019,14.75
2018 Mercedes-Benz CLA 200 CGI Sport,Petrol,32000.0,Automatic,2018,25.75
2010 Maruti A-Star Zxi,Petrol,58873.0,Manual,2010,1.82
2018 Renault Duster Petrol RXS CVT,Petrol,10000.0,Automatic,2018,7.95
2022 Tata Altroz XZ Plus BSVI,Petrol,14069.0,Manual,2022,8.24
2014 Renault Duster RXL AWD,Diesel,80000.0,Manual,2014,2.85
2016 Honda City i VTEC V,Petrol,57453.0,Manual,2016,6.24
2011 Ford Figo Petrol EXI,Petrol,66717.0,Manual,2011,70000.0
2016 Mercedes-Benz GLS 350d 4MATIC,Diesel,40000.0,Automatic,2016,43.33
2022 Volvo XC40 T4 R-Design,Petrol,16433.0,Automatic,2022,43.75
2018 BMW X1 sDrive20i xLine,Petrol,17860.0,Automatic,2018,29.9
2020 Toyota Innova Crysta 2.8 ZX AT BSIV,Diesel,52000.0,Automatic,2020,22.5
2019 Mercedes-Benz S-Class S 350 d,Diesel,27200.0,Automatic,2019,77.0
2014 Hyundai Grand i10 Asta Option,Petrol,25260.0,Manual,2014,4.37
2019 BMW 5 Series 520d Luxury Line,Diesel,21421.0,Automatic,2019,45.9
2015 Hyundai i10 Sportz,Petrol,70215.0,Manual,2015,3.08
2022 Hyundai Alcazar Platinum (O) Diesel AT,Diesel,32900.0,Automatic,2022,20.0
2021 Mercedes-Benz C-Class Progressive C 200,Petrol,40045.0,Automatic,2021,43.9
2010 Maruti A-Star Vxi,Petrol,75000.0,Manual,2010,1.68
2019 Mercedes-Benz C-Class Progressive C 200,Petrol,32325.0,Automatic,2019,44.9
2021 MG Gloster Savvy 6-Str,Diesel,68000.0,Automatic,2021,33.0
2015 Hyundai Grand i10 Nios AMT Asta,Petrol,78501.0,Automatic,2015,3.94
2018 Land Rover Discovery Sport Petrol SE 7S,Petrol,46853.0,Automatic,2018,45.9
2021 Maruti Baleno Zeta,Petrol,27114.0,Manual,2021,7.18
2017 Hyundai Creta 1.6 VTVT AT SX Plus,Petrol,88000.0,Automatic,2017,8.65
2013 Maruti Swift Dzire VXI,Petrol,58382.0,Manual,2013,3.54
2015 Skoda Rapid 1.6 MPI Ambition Plus,Petrol,80000.0,Manual,2015,3.3
2020 Mercedes-Benz C-Class Progressive C 200,Petrol,32628.0,Automatic,2020,41.9
2021 MG Gloster Savvy 6-Str,Diesel,35000.0,Automatic,2021,36.0
2014 Hyundai Grand i10 Magna,Petrol,67264.0,Manual,2014,3.27
2019 Mercedes-Benz V-Class 2019-2022 Exclusive,Diesel,17000.0,Automatic,2019,65.0
2013 Maruti Wagon R LXI CNG,CNG,77584.0,Manual,2013,2.8
2016 Mercedes-Benz S-Class Maybach S500,Petrol,50000.0,Automatic,2016,98.5
2017 Mahindra Scorpio S6 Plus 7 Seater,Diesel,70000.0,Manual,2017,9.0
2013 Maruti Swift LXI BSIV,Petrol,71977.0,Manual,2013,2.94
2017 Maruti Ignis 1.2 Zeta BSIV,Petrol,52690.0,Manual,2017,4.2
2022 Hyundai Creta SX Opt IVT,Petrol,11900.0,Automatic,2022,18.25
2017 Hyundai i20 Sportz 1.2,Petrol,53747.0,Manual,2017,5.77
2019 BMW X3 xDrive 20d Luxury Line,Diesel,32321.0,Automatic,2019,49.9
2015 Honda Brio S MT,Petrol,55485.0,Manual,2015,3.35
2018 Land Rover Range Rover Velar P250 R-Dynamic SE,Petrol,54000.0,Automatic,2018,59.75
2017 Maruti Baleno 1.2 Zeta,Petrol,49404.0,Manual,2017,5.44
2018 Ford Endeavour 3.2 Titanium AT 4X4,Diesel,100000.0,Automatic,2018,22.5
2021 MG Gloster Savvy 6-Str,Diesel,35000.0,Automatic,2021,36.0
2014 Hyundai Grand i10 Magna,Petrol,67264.0,Manual,2014,3.27
2019 Mercedes-Benz V-Class 2019-2022 Exclusive,Diesel,17000.0,Automatic,2019,65.0
2013 Maruti Wagon R LXI CNG,CNG,77584.0,Manual,2013,2.8
2016 Mercedes-Benz S-Class Maybach S500,Petrol,50000.0,Automatic,2016,98.5
2017 Mahindra Scorpio S6 Plus 7 Seater,Diesel,70000.0,Manual,2017,9.0
2013 Maruti Swift LXI BSIV,Petrol,71977.0,Manual,2013,2.94
2017 Maruti Ignis 1.2 Zeta BSIV,Petrol,52690.0,Manual,2017,4.2
2022 Hyundai Creta SX Opt IVT,Petrol,11900.0,Automatic,2022,18.25
2017 Hyundai i20 Sportz 1.2,Petrol,53747.0,Manual,2017,5.77
2019 BMW X3 xDrive 20d Luxury Line,Diesel,32321.0,Automatic,2019,49.9
2015 Honda Brio S MT,Petrol,55485.0,Manual,2015,3.35
2018 Land Rover Range Rover Velar P250 R-Dynamic SE,Petrol,54000.0,Automatic,2018,59.75
2017 Maruti Baleno 1.2 Zeta,Petrol,49404.0,Manual,2017,5.44
2018 Ford Endeavour 3.2 Titanium AT 4X4,Diesel,100000.0,Automatic,2018,22.5
2022 Mahindra Scorpio N Z8L AT BSVI,Petrol,8000.0,Automatic,2022,24.0
2014 Maruti Wagon R VXi BSII,Petrol,33841.0,Manual,2014,3.17
2023 Volkswagen Virtus Topline BSVI,Petrol,9246.0,Manual,2023,15.62
2018 Toyota Innova Crysta 2.7 ZX AT BSIV,Petrol,42000.0,Automatic,2018,17.9
2018 Tata Tiago 1.05 Revotorq XT,Diesel,42462.0,Manual,2018,4.3
2021 Mahindra Alturas G4 4X4 AT,Diesel,30000.0,Automatic,2021,24.75
2012 Hyundai i20 Magna,Petrol,96660.0,Manual,2012,2.47
2014 Hyundai Grand i10 Asta,Petrol,38963.0,Manual,2014,4.13
2011 Hyundai i20 1.2 Magna,Petrol,70000.0,Manual,2011,1.6
2017 Hyundai Grand i10 1.2 Kappa Sportz BSIV,Petrol,63249.0,Manual,2017,4.59
2016 Maruti Ertiga ZXI Plus,Petrol,82000.0,Manual,2016,7.49
2019 Maruti Ciaz 1.4 Sigma,Petrol,38000.0,Manual,2019,6.75
2020 Kia Carnival Prestige,Diesel,40500.0,Automatic,2020,25.25
2020 Kia Sonet GTX Plus Diesel BSVI,Diesel,40000.0,Manual,2020,11.55
2015 Hyundai i10 Sportz,Petrol,65170.0,Manual,2015,3.02
2018 Honda WR-V i-VTEC VX,Petrol,50000.0,Manual,2018,7.25
2020 Renault KWID 1.0 RXL BSVI,Petrol,34838.0,Manual,2020,3.88
2021 Hyundai i20 Asta Opt Turbo DCT BSVI,Petrol,30466.0,Automatic,2021,10.5
2020 Mercedes-Benz E-Class Exclusive E 220d,Diesel,32000.0,Automatic,2020,44.5
2018 Volvo S90 D4 Momentum BSIV,Diesel,50000.0,Automatic,2018,33.0
2014 Maruti Swift Dzire VXI,Petrol,48946.0,Manual,2014,4.11
2017 BMW X3 xDrive20d xLine,Diesel,43498.0,Automatic,2017,29.9
2022 Mahindra Thar LX 4-Str Convert Top AT BSVI,Petrol,8744.0,Automatic,2022,16.01
2020 Hyundai Venue E Diesel,Diesel,30000.0,Manual,2020,7.8
2017 Land Rover Discovery Sport Petrol HSE 7S,Petrol,72000.0,Automatic,2017,32.5
2017 Hyundai i20 Sportz 1.2,Petrol,71361.0,Manual,2017,5.52
2017 BMW X1 sDrive 20d xLine,Diesel,60500.0,Automatic,2017,19.95
2021 Audi A6 45 TFSI Technology WO Matrix BSVI,Petrol,30000.0,Automatic,2021,49.5
2018 Ford Ecosport 1.5 Diesel Titanium,Diesel,64000.0,Manual,2018,7.99
2013 Mercedes-Benz B Class B180 Sports,Petrol,26000.0,Automatic,2013,12.45
2016 Ford Ecosport 1.5 Petrol Titanium AT,Petrol,60000.0,Automatic,2016,6.49
2020 Kia Sonet GTX Plus Diesel BSVI,Diesel,40000.0,Manual,2020,11.55
2015 Hyundai i10 Sportz,Petrol,65170.0,Manual,2015,3.02
2018 Honda WR-V i-VTEC VX,Petrol,50000.0,Manual,2018,7.25
2020 Renault KWID 1.0 RXL BSVI,Petrol,34838.0,Manual,2020,3.88
2018 Land Rover Discovery Sport Petrol HSE 7S,Petrol,72000.0,Automatic,2018,49.5
2021 Hyundai i20 Asta Opt Turbo DCT BSVI,Petrol,30466.0,Automatic,2021,10.5
2020 Mercedes-Benz E-Class Exclusive E 220d,Diesel,32000.0,Automatic,2020,44.5
2018 Volvo S90 D4 Momentum BSIV,Diesel,50000.0,Automatic,2018,33.0
2014 Maruti Swift Dzire VXI,Petrol,48946.0,Manual,2014,4.11
2017 BMW X3 xDrive20d xLine,Diesel,43498.0,Automatic,2017,29.9
2022 Mahindra Thar LX 4-Str Convert Top AT BSVI,Petrol,8744.0,Automatic,2022,16.01
2020 Hyundai Venue E Diesel,Diesel,30000.0,Manual,2020,7.8
2017 Land Rover Discovery Sport Petrol HSE 7S,Petrol,72000.0,Automatic,2017,32.5
2017 Hyundai i20 Sportz 1.2,Petrol,71361.0,Manual,2017,5.52
2017 BMW X1 sDrive 20d xLine,Diesel,60500.0,Automatic,2017,19.95
2021 Audi A6 45 TFSI Technology WO Matrix BSVI,Petrol,30000.0,Automatic,2021,49.5
2018 Ford Ecosport 1.5 Diesel Titanium,Diesel,64000.0,Manual,2018,7.99
2013 Mercedes-Benz B Class B180 Sports,Petrol,26000.0,Automatic,2013,12.45
2016 Ford Ecosport 1.5 Petrol Titanium AT,Petrol,60000.0,Automatic,2016,6.49
2021 Audi Q2 Premium Plus I,Petrol,28000.0,Automatic,2021,26.5
2011 Maruti Swift Dzire 1.2 Vxi BSIV,Petrol,89002.0,Manual,2011,2.37
2018 Maruti Baleno 1.2 Alpha,Petrol,36937.0,Manual,2018,6.4
2019 Toyota Innova Crysta 2.4 VX MT,Diesel,42000.0,Manual,2019,18.75
2019 BMW 5 Series 520d Luxury Line,Diesel,55000.0,Automatic,2019,41.5
2019 Maruti Baleno Delta,Petrol,70391.0,Manual,2019,5.12
2014 Hyundai Elantra SX,Petrol,56000.0,Manual,2014,4.95
2016 Hyundai Grand i10 Sportz,Petrol,52190.0,Manual,2016,4.31
2014 Mercedes-Benz C-Class C 220 CDI Grand Edition,Diesel,40000.0,Automatic,2014,9.99
2018 Audi A3 35 TDI Premium Plus,Diesel,72000.0,Automatic,2018,20.0
2013 Maruti Wagon R VXi BSII,Petrol,48173.0,Manual,2013,2.88
2012 BMW 3 Series 320i Touring,Petrol,110000.0,Automatic,2012,7.3
2012 Honda City V MT,Petrol,50000.0,Manual,2012,3.39
2019 Mercedes-Benz CLA Urban Sport 200d,Diesel,44132.0,Automatic,2019,26.9
2015 Honda City i VTEC VX,Petrol,90000.0,Manual,2015,4.75
2020 Ford Endeavour Titanium Plus 4X4 AT,Diesel,49000.0,Automatic,2020,33.5
2021 Audi Q2 Premium Plus I,Petrol,28000.0,Automatic,2021,26.5
2011 Maruti Swift Dzire 1.2 Vxi BSIV,Petrol,89002.0,Manual,2011,2.37
2019 Hyundai Venue SX Turbo,Petrol,28194.0,Manual,2019,9.03
2019 BMW 5 Series 530i M Sport,Petrol,34500.0,Automatic,2019,52.0
2019 Mercedes-Benz E-Class Exclusive E 220 d BSIV,Diesel,50605.0,Automatic,2019,39.9
2018 Maruti Baleno 1.2 Alpha,Petrol,36937.0,Manual,2018,6.4
2019 Toyota Innova Crysta 2.4 VX MT,Diesel,42000.0,Manual,2019,18.75
2019 BMW 5 Series 520d Luxury Line,Diesel,55000.0,Automatic,2019,41.5
2019 Maruti Baleno Delta,Petrol,70391.0,Manual,2019,5.12
2014 Hyundai Elantra SX,Petrol,56000.0,Manual,2014,4.95
2016 Hyundai Grand i10 Sportz,Petrol,52190.0,Manual,2016,4.31
2014 Mercedes-Benz C-Class C 220 CDI Grand Edition,Diesel,40000.0,Automatic,2014,9.99
2018 Audi A3 35 TDI Premium Plus,Diesel,72000.0,Automatic,2018,20.0
2013 Maruti Wagon R VXi BSII,Petrol,48173.0,Manual,2013,2.88
2012 BMW 3 Series 320i Touring,Petrol,110000.0,Automatic,2012,7.3
2012 Honda City V MT,Petrol,50000.0,Manual,2012,3.39
2019 Mercedes-Benz CLA Urban Sport 200d,Diesel,44132.0,Automatic,2019,26.9
2015 Honda City i VTEC VX,Petrol,90000.0,Manual,2015,4.75
2020 Ford Endeavour Titanium Plus 4X4 AT,Diesel,49000.0,Automatic,2020,33.5
2017 Audi Q7 3.0 TDI Quattro Technology,Diesel,70000.0,Automatic,2017,40.0
2015 Hyundai Creta 1.6 Gamma SX Plus,Petrol,49341.0,Manual,2015,8.42
2018 Isuzu MU-X 4X2,Diesel,55000.0,Automatic,2018,18.95
2019 Hyundai Creta 1.4 S,Diesel,55861.0,Manual,2019,10.27
2018 Land Rover Discovery HSE 3.0 Si6,Petrol,76000.0,Automatic,2018,49.5
2018 Toyota Innova Crysta 2.4 G MT,Diesel,68000.0,Manual,2018,14.25
2014 Honda Amaze VX i-VTEC,Petrol,52565.0,Manual,2014,4.17
2018 Volvo S90 D4 Momentum,Diesel,72000.0,Automatic,2018,29.55
2017 Audi Q7 45 TDI Quattro Technology,Diesel,70000.0,Automatic,2017,40.0
2019 Hyundai Grand i10 1.2 Kappa Sportz BSIV,Petrol,73074.0,Manual,2019,4.93
2019 Tata Harrier XZ,Diesel,45000.0,Manual,2019,13.75
2014 Hyundai Grand i10 Magna,Petrol,90995.0,Manual,2014,3.35
2017 Renault KWID 1.0 RXT Optional AT 2016-2019,Petrol,30000.0,Automatic,2017,3.35
2014 Maruti Wagon R LXI BS IV,Petrol,42346.0,Manual,2014,3.01
2020 Honda City i-VTEC CVT VX,Petrol,31120.0,Automatic,2020,11.5
2014 Hyundai Verna 1.6 SX CRDI (O) AT,Diesel,100000.0,Automatic,2014,3.95
2018 Toyota Yaris J CVT BSIV,Petrol,33500.0,Automatic,2018,7.5
2015 Hyundai Grand i10 Magna CNG,CNG,64000.0,Manual,2015,4.25
2017 Audi Q7 3.0 TDI Quattro Technology,Diesel,70000.0,Automatic,2017,40.0
2015 Hyundai Creta 1.6 Gamma SX Plus,Petrol,49341.0,Manual,2015,8.42
2018 Isuzu MU-X 4X2,Diesel,55000.0,Automatic,2018,18.95
2019 Hyundai Creta 1.4 S,Diesel,55861.0,Manual,2019,10.27
2018 Land Rover Discovery HSE 3.0 Si6,Petrol,76000.0,Automatic,2018,49.5
2018 Toyota Innova Crysta 2.4 G MT,Diesel,68000.0,Manual,2018,14.25
2014 Honda Amaze VX i-VTEC,Petrol,52565.0,Manual,2014,4.17
2018 Volvo S90 D4 Momentum,Diesel,72000.0,Automatic,2018,29.55
2017 Audi Q7 45 TDI Quattro Technology,Diesel,70000.0,Automatic,2017,40.0
2019 Hyundai Grand i10 1.2 Kappa Sportz BSIV,Petrol,73074.0,Manual,2019,4.93
2019 Tata Harrier XZ,Diesel,45000.0,Manual,2019,13.75
2014 Hyundai Grand i10 Magna,Petrol,90995.0,Manual,2014,3.35
2017 Renault KWID 1.0 RXT Optional AT 2016-2019,Petrol,30000.0,Automatic,2017,3.35
2014 Maruti Wagon R LXI BS IV,Petrol,42346.0,Manual,2014,3.01
2020 Honda City i-VTEC CVT VX,Petrol,31120.0,Automatic,2020,11.5
2014 Hyundai Verna 1.6 SX CRDI (O) AT,Diesel,100000.0,Automatic,2014,3.95
2018 Toyota Yaris J CVT BSIV,Petrol,33500.0,Automatic,2018,7.5
2015 Hyundai Grand i10 Magna CNG,CNG,64000.0,Manual,2015,4.25
2022 BMW 7 Series 740Li M Sport,Petrol,4000.0,Automatic,2022,1.25
2011 Maruti A-Star Zxi,Petrol,48936.0,Manual,2011,2.34
2019 Mitsubishi Outlander 2.4 CVT,Petrol,23000.0,Automatic,2019,19.5
2017 Maruti Baleno 1.2 Zeta,Petrol,61814.0,Manual,2017,5.27
2019 BMW X5 xDrive 30d xLine,Diesel,62000.0,Automatic,2019,47.98
2017 Volkswagen Polo GT TSI Sport Edition,Petrol,40000.0,Automatic,2017,10.0
2020 Hyundai Venue SX Turbo,Petrol,30200.0,Manual,2020,9.25
2020 Skoda Superb LK 1.8 TSI AT,Petrol,34123.0,Automatic,2020,30.5
2022 Mercedes-Benz AMG GLC 43 4MATIC Coupe,Petrol,16000.0,Automatic,2022,83.0
2018 Maruti Vitara Brezza ZDi Plus Dual Tone,Diesel,28645.0,Manual,2018,7.71
2015 Audi A4 35 TDI Premium,Diesel,48933.0,Automatic,2015,15.75
2016 Hyundai Creta 1.6 VTVT AT SX Plus,Petrol,60970.0,Automatic,2016,9.4
2017 Hyundai Creta 1.6 VTVT AT SX Plus,Petrol,50000.0,Automatic,2017,7.75
2018 Toyota Fortuner 2.8 4WD MT,Diesel,56000.0,Manual,2018,27.5
2018 Hyundai Grand i10 1.2 Kappa Asta,Petrol,40427.0,Manual,2018,5.36
2019 Maruti Ciaz 1.4 Delta,Petrol,54213.0,Manual,2019,7.9
2011 Toyota Corolla Altis G,Petrol,85000.0,Manual,2011,2.75
2016 Toyota Innova Crysta 2.4 G MT 8 STR,Diesel,91000.0,Manual,2016,12.0
2016 Hyundai Grand i10 Sportz,Petrol,47000.0,Manual,2016,3.85
2015 Honda City i VTEC CVT VX,Petrol,54630.0,Automatic,2015,6.86
2015 Audi Q7 45 TDI Quattro Technology,Diesel,72222.0,Automatic,2015,34.9
2019 Honda City i-VTEC CVT ZX,Petrol,41116.0,Automatic,2019,10.39
2019 Land Rover Range Rover Sport 2.0 Petrol SE,Petrol,4000.0,Automatic,2019,1.1
2017 Jaguar XJ 2.0L Portfolio,Petrol,20000.0,Automatic,2017,69.0
2021 Tata Altroz XZ Plus BSVI,Petrol,29502.0,Manual,2021,7.56
2014 BMW X5 xDrive 30d M Sport,Diesel,132501.0,Automatic,2014,12.21
2017 Mercedes-Benz E-Class E250 CDI Avantgarde,Diesel,35000.0,Automatic,2017,23.9
2017 Honda WR-V i-DTEC VX,Diesel,56458.0,Manual,2017,5.71
2018 Maruti Ciaz 1.4 AT Alpha,Petrol,50000.0,Automatic,2018,7.25
2018 Maruti Baleno 1.2 Zeta,Petrol,61657.0,Manual,2018,5.93
2016 Honda City i VTEC CVT VX,Petrol,50000.0,Automatic,2016,6.5
2017 Maruti Ciaz 1.4 Zeta,Petrol,67000.0,Manual,2017,6.25
2016 Hyundai i20 Sportz 1.2,Petrol,104948.0,Manual,2016,4.61
2017 Jaguar XJ 2.0L Portfolio,Petrol,20000.0,Automatic,2017,52.0
2023 Kia Seltos HTK Plus,Petrol,10000.0,Manual,2023,15.21
2014 Mercedes-Benz M-Class ML 350 CDI,Diesel,154000.0,Automatic,2014,17.5
2016 Toyota Camry 2.5 Hybrid,Petrol,46000.0,Automatic,2016,20.5
2015 Honda City i VTEC E,Petrol,90000.0,Manual,2015,5.65
2016 Hyundai Grand i10 Sportz,Petrol,47000.0,Manual,2016,3.85
2015 Honda City i VTEC CVT VX,Petrol,54630.0,Automatic,2015,6.86
2015 Audi Q7 45 TDI Quattro Technology,Diesel,72222.0,Automatic,2015,34.9
2019 Honda City i-VTEC CVT ZX,Petrol,41116.0,Automatic,2019,10.39
2019 Land Rover Range Rover Sport 2.0 Petrol SE,Petrol,4000.0,Automatic,2019,1.1
2017 Jaguar XJ 2.0L Portfolio,Petrol,20000.0,Automatic,2017,69.0
2021 Tata Altroz XZ Plus BSVI,Petrol,29502.0,Manual,2021,7.56
2014 BMW X5 xDrive 30d M Sport,Diesel,132501.0,Automatic,2014,12.21
2017 Mercedes-Benz E-Class E250 CDI Avantgarde,Diesel,35000.0,Automatic,2017,23.9
2017 Honda WR-V i-DTEC VX,Diesel,56458.0,Manual,2017,5.71
2018 Maruti Ciaz 1.4 AT Alpha,Petrol,50000.0,Automatic,2018,7.25
2018 Maruti Baleno 1.2 Zeta,Petrol,61657.0,Manual,2018,5.93
2016 Honda City i VTEC CVT VX,Petrol,50000.0,Automatic,2016,6.5
2017 Maruti Ciaz 1.4 Zeta,Petrol,67000.0,Manual,2017,6.25
2016 Hyundai i20 Sportz 1.2,Petrol,104948.0,Manual,2016,4.61
2017 Jaguar XJ 2.0L Portfolio,Petrol,20000.0,Automatic,2017,52.0
2023 Kia Seltos HTK Plus,Petrol,10000.0,Manual,2023,15.21
2014 Mercedes-Benz M-Class ML 350 CDI,Diesel,154000.0,Automatic,2014,17.5
2016 Toyota Camry 2.5 Hybrid,Petrol,46000.0,Automatic,2016,20.5
2015 Honda City i VTEC E,Petrol,90000.0,Manual,2015,5.65
2020 Audi A3 35 TDI Premium Plus,Diesel,39000.0,Automatic,2020,22.5
2017 Hyundai Creta 1.6 VTVT AT SX Plus,Petrol,64727.0,Automatic,2017,9.87
2018 Hyundai i20 Active 1.4 S,Diesel,65000.0,Manual,2018,6.5
2013 Honda Brio S MT,Petrol,44636.0,Manual,2013,2.63
2015 Toyota Fortuner 4x2 AT,Diesel,100000.0,Automatic,2015,15.5
2021 Mercedes-Benz C-Class Progressive C 220d,Diesel,23616.0,Automatic,2021,43.9
2014 Hyundai Xcent 1.2 Kappa S,Petrol,107682.0,Manual,2014,3.39
2022 Mercedes-Benz AMG GLA 35 4MATIC,Petrol,9500.0,Automatic,2022,56.5
2019 Land Rover Discovery Sport Petrol HSE 7S,Petrol,47500.0,Automatic,2019,43.0
2011 Volkswagen Polo Petrol Highline 1.2L,Petrol,101914.0,Manual,2011,2.59
2023 Hyundai Grand i10 Nios Magna BSVI,Petrol,620.0,Manual,2023,6.65
2019 Maruti Baleno Alpha,Petrol,45507.0,Manual,2019,6.49
2015 Audi A8 L 3.0 TDI quattro,Diesel,58000.0,Automatic,2015,29.75
2022 Mercedes-Benz S-Class S 350d BSVI,Diesel,7000.0,Automatic,2022,1.55
2015 Ford Ecosport 1.5 Ti VCT AT Titanium,Petrol,74095.0,Automatic,2015,5.37
2022 BMW X3 xDrive30i M Sport,Petrol,8450.0,Automatic,2022,71.9
2018 Mercedes-Benz S-Class Maybach S500,Petrol,40000.0,Automatic,2018,1.09
2010 Maruti Alto 800 LXi BSIII,Petrol,77684.0,Manual,2010,1.54
2021 Audi Q5 Technology BSVI,Petrol,22900.0,Automatic,2021,54.8
2022 Mercedes-Benz GLS 400d 4MATIC,Diesel,19000.0,Automatic,2022,1.15
2014 Hyundai Grand i10 Sportz,Petrol,74846.0,Manual,2014,3.1
2022 Toyota Glanza S,Petrol,4500.0,Manual,2022,7.55
2012 Hyundai i20 Magna,Petrol,97722.0,Manual,2012,2.27
2023 Jeep Wrangler Rubicon,Petrol,9000.0,Automatic,2023,70.0
2020 Mercedes-Benz AMG GLE 53 Coupe,Petrol,19000.0,Automatic,2020,78.99
2015 Honda City i VTEC CVT VX,Petrol,79683.0,Automatic,2015,6.35
2022 Maruti Swift Dzire VXI AT,Petrol,26000.0,Automatic,2022,7.95
2016 BMW X1 sDrive 20d xLine,Diesel,70000.0,Automatic,2016,15.5
2019 Kia Seltos GTX Plus DCT,Petrol,85540.0,Automatic,2019,13.86
2023 Mahindra XUV300 W6 Turbo,Petrol,10000.0,Manual,2023,11.7
2019 Maruti Baleno Alpha,Petrol,50170.0,Manual,2019,6.87
2020 BMW X7 xDrive30d DPE Signature,Diesel,44000.0,Automatic,2020,98.5
2022 Mercedes-Benz C-Class Progressive C 220d,Diesel,4000.0,Automatic,2022,56.75
2015 Maruti Wagon R VXi BSII,Petrol,37163.0,Manual,2015,3.18
2022 MG Hector Sharp CVT,Petrol,21003.0,Automatic,2022,18.75
2018 BMW X3 xDrive 20d Luxury Line,Diesel,49000.0,Automatic,2018,39.0
2011 Maruti A-Star AT VXI,Petrol,89057.0,Automatic,2011,2.26
2021 Mercedes-Benz C-Class Progressive C 200,Petrol,12000.0,Automatic,2021,44.5
2022 Maruti Vitara Brezza VXI AT,Petrol,11000.0,Automatic,2022,9.99
2022 Mercedes-Benz GLS 400d 4MATIC,Diesel,19000.0,Automatic,2022,1.15
2014 Hyundai Grand i10 Sportz,Petrol,74846.0,Manual,2014,3.1
2022 Toyota Glanza S,Petrol,4500.0,Manual,2022,7.55
2012 Hyundai i20 Magna,Petrol,97722.0,Manual,2012,2.27
2023 Jeep Wrangler Rubicon,Petrol,9000.0,Automatic,2023,70.0
2020 Mercedes-Benz AMG GLE 53 Coupe,Petrol,19000.0,Automatic,2020,78.99
2015 Honda City i VTEC CVT VX,Petrol,79683.0,Automatic,2015,6.35
2022 Maruti Swift Dzire VXI AT,Petrol,26000.0,Automatic,2022,7.95
2016 BMW X1 sDrive 20d xLine,Diesel,70000.0,Automatic,2016,15.5
2019 Kia Seltos GTX Plus DCT,Petrol,85540.0,Automatic,2019,13.86
2023 Mahindra XUV300 W6 Turbo,Petrol,10000.0,Manual,2023,11.7
2019 Maruti Baleno Alpha,Petrol,50170.0,Manual,2019,6.87
2020 BMW X7 xDrive30d DPE Signature,Diesel,44000.0,Automatic,2020,98.5
2022 Mercedes-Benz C-Class Progressive C 220d,Diesel,4000.0,Automatic,2022,56.75
2015 Maruti Wagon R VXi BSII,Petrol,37163.0,Manual,2015,3.18
2022 MG Hector Sharp CVT,Petrol,21003.0,Automatic,2022,18.75
2018 BMW X3 xDrive 20d Luxury Line,Diesel,49000.0,Automatic,2018,39.0
2011 Maruti A-Star AT VXI,Petrol,89057.0,Automatic,2011,2.26
2021 Mercedes-Benz C-Class Progressive C 200,Petrol,12000.0,Automatic,2021,44.5
2022 Maruti Vitara Brezza VXI AT,Petrol,11000.0,Automatic,2022,9.99
2016 Honda City i VTEC VX Option BL,Petrol,72692.0,Manual,2016,6.85
2016 Ford Ecosport 1.5 Ti VCT AT Titanium BSIV,Petrol,47463.0,Automatic,2016,6.33
2022 Mercedes-Benz GLC 200,Petrol,7651.0,Automatic,2022,61.0
2014 Honda City i VTEC VX,Petrol,69348.0,Manual,2014,6.19
2016 Jaguar XJ 3.0L Portfolio,Diesel,40000.0,Automatic,2016,32.5
2020 Land Rover Range Rover Velar P250 R-Dynamic SE,Petrol,18000.0,Automatic,2020,80.0
2011 Toyota Etios G,Petrol,51710.0,Manual,2011,2.48
2013 Hyundai Santro Xing GLS CNG,CNG,40000.0,Manual,2013,2.1
2016 Mercedes-Benz GLS 350d 4MATIC,Diesel,84000.0,Automatic,2016,46.21
2013 Maruti Wagon R VXi BSII,Petrol,62411.0,Manual,2013,2.9
2022 Maruti Brezza Zxi Plus BSVI,Petrol,22711.0,Manual,2022,11.35
2014 Hyundai Grand i10 Sportz,Petrol,90576.0,Manual,2014,3.37
2018 Mercedes-Benz E-Class E 350d,Diesel,44000.0,Automatic,2018,44.0
2017 Maruti Swift LXI Option,Petrol,49000.0,Manual,2017,4.25
2019 Hyundai Venue SX Turbo,Petrol,40678.0,Manual,2019,9.24
2012 Maruti Wagon R LX BS IV,Petrol,32000.0,Manual,2012,2.2
2020 Maruti Ertiga ZXI Plus,Petrol,27500.0,Manual,2020,10.5
2018 Hyundai i20 Sportz 1.2,Petrol,92539.0,Manual,2018,5.28
2021 BMW 3 Series Gran Limousine 330Li M Sport First Edition,Petrol,21000.0,Automatic,2021,48.0
2020 Maruti Baleno 1.2 Zeta,Petrol,6000.0,Manual,2020,6.95
2016 Honda City i VTEC VX Option BL,Petrol,72692.0,Manual,2016,6.85
2016 Ford Ecosport 1.5 Ti VCT AT Titanium BSIV,Petrol,47463.0,Automatic,2016,6.33
2022 Mercedes-Benz GLC 200,Petrol,7651.0,Automatic,2022,61.0
2014 Honda City i VTEC VX,Petrol,69348.0,Manual,2014,6.19
2016 Jaguar XJ 3.0L Portfolio,Diesel,40000.0,Automatic,2016,32.5
2020 Land Rover Range Rover Velar P250 R-Dynamic SE,Petrol,18000.0,Automatic,2020,80.0
2011 Toyota Etios G,Petrol,51710.0,Manual,2011,2.48
2013 Hyundai Santro Xing GLS CNG,CNG,40000.0,Manual,2013,2.1
2016 Mercedes-Benz GLS 350d 4MATIC,Diesel,84000.0,Automatic,2016,46.21
2013 Maruti Wagon R VXi BSII,Petrol,62411.0,Manual,2013,2.9
2022 Maruti Brezza Zxi Plus BSVI,Petrol,22711.0,Manual,2022,11.35
2014 Hyundai Grand i10 Sportz,Petrol,90576.0,Manual,2014,3.37
2018 Mercedes-Benz E-Class E 350d,Diesel,44000.0,Automatic,2018,44.0
2017 Maruti Swift LXI Option,Petrol,49000.0,Manual,2017,4.25
2019 Hyundai Venue SX Turbo,Petrol,40678.0,Manual,2019,9.24
2012 Maruti Wagon R LX BS IV,Petrol,32000.0,Manual,2012,2.2
2020 Maruti Ertiga ZXI Plus,Petrol,27500.0,Manual,2020,10.5
2018 Hyundai i20 Sportz 1.2,Petrol,92539.0,Manual,2018,5.28
2021 BMW 3 Series Gran Limousine 330Li M Sport First Edition,Petrol,21000.0,Automatic,2021,48.0
2020 Maruti Baleno 1.2 Zeta,Petrol,6000.0,Manual,2020,6.95
2022 Mahindra XUV700 AX7 AT Luxury Pack,Petrol,5000.0,Automatic,2022,26.5
2019 Tata Tiago XZ Plus,Petrol,16570.0,Manual,2019,5.23
2022 Maruti Wagon R VXI,Petrol,11000.0,Manual,2022,5.75
2017 Honda WR-V i-VTEC VX,Petrol,39791.0,Manual,2017,6.92
2017 Mahindra XUV500 W8 2WD,Diesel,138000.0,Manual,2017,6.95
2023 Mercedes-Benz G G 63 AMG,Petrol,3000.0,Automatic,2023,4.0
2012 Maruti Swift Dzire LXI,Petrol,94176.0,Manual,2012,2.67
2023 Porsche Cayenne 3.6 S Platinum Edition,Petrol,11000.0,Automatic,2023,1.47
2019 Kia Seltos GTK,Petrol,30000.0,Manual,2019,13.25
2021 Volkswagen Taigun 1.5 TSI GT BSVI,Petrol,49594.0,Manual,2021,13.37
2012 Volkswagen Polo Petrol Comfortline 1.2L,Petrol,60000.0,Manual,2012,2.7
2015 Honda Brio S MT,Petrol,76441.0,Manual,2015,3.26
2014 Mercedes-Benz M-Class ML 350 CDI,Diesel,75000.0,Automatic,2014,17.75
2017 Maruti Wagon R VXI AMT,Petrol,53000.0,Automatic,2017,3.95
2017 Hyundai Creta 1.6 Gamma SX Plus,Petrol,56572.0,Manual,2017,9.31
2018 Maruti Baleno Alpha,Petrol,27210.0,Manual,2018,6.0
2017 Mercedes-Benz GLE 400 4MATIC,Petrol,56000.0,Automatic,2017,45.75
2014 Hyundai i20 Asta 1.2,Petrol,62677.0,Manual,2014,4.92
2023 Maruti Baleno Delta,Petrol,18000.0,Manual,2023,7.5
2019 BMW 5 Series 520d Luxury Line,Diesel,35000.0,Automatic,2019,45.0
2022 Mahindra XUV700 AX7 AT Luxury Pack,Petrol,5000.0,Automatic,2022,26.5
2019 Tata Tiago XZ Plus,Petrol,16570.0,Manual,2019,5.23
2022 Maruti Wagon R VXI,Petrol,11000.0,Manual,2022,5.75
2017 Honda WR-V i-VTEC VX,Petrol,39791.0,Manual,2017,6.92
2017 Mahindra XUV500 W8 2WD,Diesel,138000.0,Manual,2017,6.95
2023 Mercedes-Benz G G 63 AMG,Petrol,3000.0,Automatic,2023,4.0
2012 Maruti Swift Dzire LXI,Petrol,94176.0,Manual,2012,2.67
2023 Porsche Cayenne 3.6 S Platinum Edition,Petrol,11000.0,Automatic,2023,1.47
2019 Kia Seltos GTK,Petrol,30000.0,Manual,2019,13.25
2021 Volkswagen Taigun 1.5 TSI GT BSVI,Petrol,49594.0,Manual,2021,13.37
2012 Volkswagen Polo Petrol Comfortline 1.2L,Petrol,60000.0,Manual,2012,2.7
2015 Honda Brio S MT,Petrol,76441.0,Manual,2015,3.26
2014 Mercedes-Benz M-Class ML 350 CDI,Diesel,75000.0,Automatic,2014,17.75
2017 Maruti Wagon R VXI AMT,Petrol,53000.0,Automatic,2017,3.95
2017 Hyundai Creta 1.6 Gamma SX Plus,Petrol,56572.0,Manual,2017,9.31
2018 Maruti Baleno Alpha,Petrol,27210.0,Manual,2018,6.0
2017 Mercedes-Benz GLE 400 4MATIC,Petrol,56000.0,Automatic,2017,45.75
2014 Hyundai i20 Asta 1.2,Petrol,62677.0,Manual,2014,4.92
2023 Maruti Baleno Delta,Petrol,18000.0,Manual,2023,7.5
2019 BMW 5 Series 520d Luxury Line,Diesel,35000.0,Automatic,2019,45.0
2019 BMW X5 xDrive 30d xLine,Diesel,38000.0,Automatic,2019,46.21
2018 Renault Captur 1.5 Diesel RXE,Diesel,109495.0,Manual,2018,6.53
2011 Toyota Etios G,Petrol,54214.0,Manual,2011,2.55
2015 Audi A4 2.0 TDI Premium Plus,Diesel,43600.0,Automatic,2015,11.9
2020 Mercedes-Benz C-Class Progressive C 220d,Diesel,30000.0,Automatic,2020,37.5
2018 Maruti SX4 S Cross Zeta DDiS 200 SH,Diesel,45240.0,Manual,2018,7.34
2018 Datsun RediGO 1.0 T Option,Petrol,3600.0,Manual,2018,3.45
2021 Mercedes-Benz G G 350d,Diesel,36000.0,Automatic,2021,2.05
2020 Maruti Baleno Zeta,Petrol,59090.0,Manual,2020,6.42
2012 Audi Q3 35 TDI Quattro Premium,Diesel,126000.0,Automatic,2012,6.5
2014 Hyundai Grand i10 Sportz,Petrol,70717.0,Manual,2014,3.86
2014 Mercedes-Benz S-Class S 500 L,Petrol,65000.0,Automatic,2014,47.5
2013 Honda City i VTEC S,Petrol,73086.0,Manual,2013,3.75
2020 Tata Nexon XZ Plus BSVI,Petrol,51690.0,Manual,2020,8.52
2018 BMW X1 sDrive20d Expedition,Diesel,49000.0,Automatic,2018,19.45
2019 Mercedes-Benz E-Class Expression E 200 BSIV,Petrol,25000.0,Automatic,2019,49.75
2019 Hyundai Santro Sportz BSIV,Petrol,23592.0,Manual,2019,4.71
2014 Honda City i VTEC V,Petrol,69000.0,Manual,2014,4.9
2016 Hyundai Creta 1.6 SX Automatic,Petrol,70000.0,Automatic,2016,7.95
2023 Mercedes-Benz S-Class S450 4Matic,Petrol,3500.0,Automatic,2023,1.78
2015 Honda Brio S MT,Petrol,64155.0,Manual,2015,3.18
2018 Mercedes-Benz A Class A200 CDI,Diesel,38000.0,Automatic,2018,17.49
2017 Hyundai Xcent 1.2 VTVT E Plus,Petrol,68018.0,Manual,2017,4.12
2022 Toyota Hyryder V AWD BSVI,Petrol,14000.0,Manual,2022,19.9
2018 Honda WR-V i-VTEC VX,Petrol,29846.0,Manual,2018,7.6
2017 Tata Tiago XZ,Petrol,26092.0,Manual,2017,4.5
2019 Maruti Swift Dzire LXI 1.2,Petrol,50823.0,Manual,2019,5.5
2020 BMW X6 Xdrive40i M Sport,Petrol,5200.0,Automatic,2020,69.75
2018 Mahindra Marazzo M8,Diesel,36050.0,Manual,2018,8.99
2017 Honda City i-VTEC CVT VX,Petrol,90932.0,Automatic,2017,7.86
2021 Tata Harrier XZA Plus (O) AT BSVI,Diesel,53000.0,Automatic,2021,20.0
2020 Mercedes-Benz C-Class Progressive C 220d,Diesel,11848.0,Automatic,2020,39.9
2014 Honda Mobilio V i-VTEC,Petrol,73580.0,Manual,2014,4.66
2019 Jeep Compass 1.4 Limited,Petrol,22600.0,Automatic,2019,14.9
2019 Audi A4 35 TDI Technology,Diesel,36000.0,Automatic,2019,27.5
2021 Tata Altroz XE Diesel,Diesel,44275.0,Manual,2021,6.2
2020 Hyundai i20 Magna Plus,Petrol,52000.0,Manual,2020,6.25
2021 Tata Safari XZA Plus AT,Diesel,26000.0,Automatic,2021,20.0
2018 Maruti Ciaz 1.4 Delta,Petrol,45239.0,Manual,2018,6.33
2017 Mercedes-Benz GLA Class 200,Petrol,51000.0,Automatic,2017,21.0
2019 Maruti Vitara Brezza ZDi Plus AMT,Diesel,102973.0,Automatic,2019,7.99
2016 Audi A6 35 TDI,Diesel,87000.0,Automatic,2016,19.0
2014 Maruti Swift Dzire ZXI,Petrol,40000.0,Manual,2014,3.7
2014 Hyundai Grand i10 Sportz,Petrol,63952.0,Manual,2014,3.55
2018 Mahindra XUV500 W11 AT BSIV,Diesel,58000.0,Automatic,2018,12.0
2023 Audi Q8 Standard,Petrol,7000.0,Automatic,2023,1.12
2019 Tata Nexon 1.2 Revotron XZA Plus DualTone,Petrol,46310.0,Automatic,2019,8.74
2020 MG Hector Plus Sharp DCT,Petrol,42000.0,Automatic,2020,16.0
2015 Honda City i VTEC VX Option,Petrol,94498.0,Manual,2015,5.81
2022 Volvo XC60 B5 Ultimate,Petrol,9300.0,Automatic,2022,66.0
2019 BMW X5 xDrive 30d xLine,Diesel,37000.0,Automatic,2019,71.99
2019 Honda WR-V i-DTEC V,Diesel,144234.0,Manual,2019,5.52
2017 Maruti Swift Dzire VXI Optional,Petrol,48000.0,Manual,2017,5.1
2021 Land Rover Range Rover Velar R-Dynamic S Petrol,Petrol,19000.0,Automatic,2021,80.0
2016 Hyundai i20 Sportz 1.2,Petrol,114658.0,Manual,2016,5.21
2015 Audi A4 2.0 TDI Premium Plus,Diesel,71000.0,Automatic,2015,12.65
2022 Maruti Swift LXI BSVI,Petrol,8000.0,Manual,2022,5.95
2021 Tata Safari XZA Plus AT,Diesel,26000.0,Automatic,2021,20.0
2018 Maruti Ciaz 1.4 Delta,Petrol,45239.0,Manual,2018,6.33
2017 Mercedes-Benz GLA Class 200,Petrol,51000.0,Automatic,2017,21.0
2019 Maruti Vitara Brezza ZDi Plus AMT,Diesel,102973.0,Automatic,2019,7.99
2016 Audi A6 35 TDI,Diesel,87000.0,Automatic,2016,19.0
2014 Maruti Swift Dzire ZXI,Petrol,40000.0,Manual,2014,3.7
2014 Hyundai Grand i10 Sportz,Petrol,63952.0,Manual,2014,3.55
2018 Mahindra XUV500 W11 AT BSIV,Diesel,58000.0,Automatic,2018,12.0
2023 Audi Q8 Standard,Petrol,7000.0,Automatic,2023,1.12
2019 Tata Nexon 1.2 Revotron XZA Plus DualTone,Petrol,46310.0,Automatic,2019,8.74
2020 MG Hector Plus Sharp DCT,Petrol,42000.0,Automatic,2020,16.0
2015 Honda City i VTEC VX Option,Petrol,94498.0,Manual,2015,5.81
2022 Volvo XC60 B5 Ultimate,Petrol,9300.0,Automatic,2022,66.0
2019 BMW X5 xDrive 30d xLine,Diesel,37000.0,Automatic,2019,71.99
2019 Honda WR-V i-DTEC V,Diesel,144234.0,Manual,2019,5.52
2017 Maruti Swift Dzire VXI Optional,Petrol,48000.0,Manual,2017,5.1
2021 Land Rover Range Rover Velar R-Dynamic S Petrol,Petrol,19000.0,Automatic,2021,80.0
2016 Hyundai i20 Sportz 1.2,Petrol,114658.0,Manual,2016,5.21
2015 Audi A4 2.0 TDI Premium Plus,Diesel,71000.0,Automatic,2015,12.65
2022 Maruti Swift LXI BSVI,Petrol,8000.0,Manual,2022,5.95
2018 BMW X3 xDrive 20d Luxury Line,Diesel,28000.0,Automatic,2018,39.9
2019 Honda WR-V i-VTEC VX,Petrol,38616.0,Manual,2019,7.41
2019 Skoda Octavia 1.8 TSI AT L K,Petrol,30000.0,Automatic,2019,21.5
2018 Hyundai i20 Asta Option 1.2,Petrol,33093.0,Manual,2018,6.81
2019 BMW X1 sDrive 20D xLine,Diesel,33000.0,Automatic,2019,29.0
2019 Toyota Innova Crysta 2.8 GX AT BSIV,Diesel,57000.0,Automatic,2019,17.5
2018 Renault Duster 85PS Diesel RxS,Diesel,75206.0,Manual,2018,6.49
2019 Jeep Compass 1.4 Limited Option,Petrol,40000.0,Automatic,2019,15.0
2016 Mercedes-Benz CLA 200 CDI Sport,Diesel,42000.0,Automatic,2016,17.6
2016 Hyundai Grand i10 Sportz,Petrol,96241.0,Manual,2016,3.77
2022 Maruti Ertiga ZXI CNG,CNG,34214.0,Manual,2022,12.75
2015 Maruti Ciaz ZXi,Petrol,55818.0,Manual,2015,6.61
2020 Land Rover Range Rover Velar R-Dynamic S Petrol,Petrol,80000.0,Automatic,2020,68.0
2018 Maruti Wagon R LXI CNG,CNG,40000.0,Manual,2018,4.0
2015 Maruti Wagon R VXi BSII,Petrol,70516.0,Manual,2015,3.11
2020 Maruti Wagon R ZXI AMT 1.2,Petrol,48000.0,Automatic,2020,5.75
2015 BMW 5 Series 520d Luxury Line,Diesel,94000.0,Automatic,2015,16.9
2016 Hyundai Creta 1.6 Gamma SX Plus,Petrol,80627.0,Manual,2016,8.16
2015 Skoda Rapid 1.6 MPI AT Elegance Plus Black Package,Petrol,49000.0,Automatic,2015,5.25
2020 Lexus RX 450hL,Petrol,19000.0,Automatic,2020,82.0
2017 Honda WR-V i-VTEC VX,Petrol,53311.0,Manual,2017,6.75
2018 Hyundai i20 Magna Plus BSIV,Petrol,70000.0,Manual,2018,5.85
2016 Hyundai i20 Magna 1.2,Petrol,108836.0,Manual,2016,4.49
2018 BMW X5 xDrive30d Edition X,Diesel,40000.0,Automatic,2018,42.5
2017 Maruti Vitara Brezza ZDi,Diesel,120000.0,Manual,2017,6.0
2016 Maruti Ciaz AT ZXi,Petrol,44525.0,Automatic,2016,6.93
2015 BMW X5 xDrive 30d Design Pure Experience 5 Seater,Diesel,80000.0,Automatic,2015,26.5
2018 Honda WR-V i-VTEC VX,Petrol,64862.0,Manual,2018,6.07
2012 Honda City V MT,Petrol,100000.0,Manual,2012,2.95
2016 Maruti Baleno 1.2 Alpha,Petrol,63839.0,Manual,2016,5.59
2022 Mercedes-Benz AMG GLC 43 4MATIC Coupe,Petrol,14000.0,Automatic,2022,81.9
2014 Hyundai Grand i10 Asta,Petrol,50000.0,Manual,2014,3.75
2019 Mahindra XUV300 W8 Diesel BSIV,Diesel,113820.0,Manual,2019,7.89
2017 Maruti Ciaz ZDi Plus SHVS,Diesel,110000.0,Manual,2017,5.0
2018 Hyundai Creta 1.6 E Plus,Petrol,31000.0,Manual,2018,8.65
2018 Maruti Swift Dzire AMT ZDI,Diesel,97610.0,Automatic,2018,5.64
2019 Nissan Sunny XV CVT,Petrol,44000.0,Automatic,2019,6.25
2019 Mercedes-Benz C-Class Prime C 220d,Diesel,34496.0,Automatic,2019,39.0
2023 Mercedes-Benz GLS 400d 4MATIC BSVI,Diesel,16000.0,Automatic,2023,1.32
2016 Maruti Baleno 1.2 Alpha,Petrol,75163.0,Manual,2016,5.14
2022 Maruti Ciaz Alpha BSVI,Petrol,6900.0,Manual,2022,10.25
2015 Honda Amaze S i-Vtech,Petrol,89961.0,Manual,2015,3.74
2022 BMW 3 Series Gran Limousine 320Ld Luxury Line,Diesel,4000.0,Automatic,2022,54.0
2021 Tata Harrier XZA Plus AT,Diesel,54000.0,Automatic,2021,17.5
2019 Maruti Swift AMT ZXI Plus,Petrol,58740.0,Automatic,2019,5.99
2019 Toyota Innova Crysta 2.8 GX AT BSIV,Diesel,100000.0,Automatic,2019,15.5
2020 Land Rover Range Rover Velar R-Dynamic S Petrol,Petrol,18700.0,Automatic,2020,83.0
2017 Honda Amaze S i-VTEC,Petrol,83690.0,Manual,2017,4.54
2018 Mercedes-Benz E-Class Expression E 200 BSIV,Petrol,11000.0,Automatic,2018,50.0
2012 Toyota Etios Liva G,Petrol,50900.0,Manual,2012,2.95
2021 Mercedes-Benz E-Class Exclusive E 220d,Diesel,25000.0,Automatic,2021,64.0
2015 Hyundai Grand i10 Asta Option,Petrol,78651.0,Manual,2015,3.79
2019 Maruti Ciaz Zeta BSIV,Petrol,50000.0,Manual,2019,7.5
2023 Volkswagen Virtus Highline BSVI,Petrol,9818.0,Manual,2023,13.9
2019 Maruti SX4 S Cross Zeta DDiS 200 SH,Diesel,49230.0,Manual,2019,8.7
2018 Hyundai Verna VTVT 1.6 AT EX,Petrol,65000.0,Automatic,2018,8.85
2017 BMW X1 sDrive 20d xLine,Diesel,69000.0,Automatic,2017,19.9
2023 Mercedes-Benz GLS 400d 4MATIC BSVI,Diesel,16000.0,Automatic,2023,1.32
2016 Maruti Baleno 1.2 Alpha,Petrol,75163.0,Manual,2016,5.14
2022 Maruti Ciaz Alpha BSVI,Petrol,6900.0,Manual,2022,10.25
2015 Honda Amaze S i-Vtech,Petrol,89961.0,Manual,2015,3.74
2022 BMW 3 Series Gran Limousine 320Ld Luxury Line,Diesel,4000.0,Automatic,2022,54.0
2021 Tata Harrier XZA Plus AT,Diesel,54000.0,Automatic,2021,17.5
2019 Maruti Swift AMT ZXI Plus,Petrol,58740.0,Automatic,2019,5.99
2019 Toyota Innova Crysta 2.8 GX AT BSIV,Diesel,100000.0,Automatic,2019,15.5
2020 Land Rover Range Rover Velar R-Dynamic S Petrol,Petrol,18700.0,Automatic,2020,83.0
2017 Honda Amaze S i-VTEC,Petrol,83690.0,Manual,2017,4.54
2018 Mercedes-Benz E-Class Expression E 200 BSIV,Petrol,11000.0,Automatic,2018,50.0
2012 Toyota Etios Liva G,Petrol,50900.0,Manual,2012,2.95
2021 Mercedes-Benz E-Class Exclusive E 220d,Diesel,25000.0,Automatic,2021,64.0
2015 Hyundai Grand i10 Asta Option,Petrol,78651.0,Manual,2015,3.79
2019 Maruti Ciaz Zeta BSIV,Petrol,50000.0,Manual,2019,7.5
2023 Volkswagen Virtus Highline BSVI,Petrol,9818.0,Manual,2023,13.9
2019 Maruti SX4 S Cross Zeta DDiS 200 SH,Diesel,49230.0,Manual,2019,8.7
2018 Hyundai Verna VTVT 1.6 AT EX,Petrol,65000.0,Automatic,2018,8.85
2017 BMW X1 sDrive 20d xLine,Diesel,69000.0,Automatic,2017,19.9
2018 Jeep Compass 2.0 Sport,Diesel,67000.0,Manual,2018,10.9
2018 Ford Ecosport 1.5 Petrol Titanium BSIV,Petrol,76685.0,Manual,2018,6.95
2019 Nissan Kicks XV Premium D BSIV,Diesel,101954.0,Manual,2019,6.68
2017 Ford Endeavour 3.2 Titanium AT 4X4,Diesel,42000.0,Automatic,2017,24.5
2017 Honda Jazz 1.2 S i VTEC,Petrol,42000.0,Manual,2017,5.45
2016 Hyundai Grand i10 Asta Option AT,Petrol,68897.0,Automatic,2016,5.0
2021 BMW 6 Series GT 630i M Sport,Petrol,26000.0,Automatic,2021,65.0
2017 Maruti SX4 S Cross DDiS 200 Zeta,Diesel,105568.0,Manual,2017,4.63
2018 Ford Endeavour 2.2 Trend AT 4X2,Diesel,54000.0,Automatic,2018,24.0
2019 Hyundai Venue SX Plus Turbo DCT,Petrol,61383.0,Automatic,2019,9.63
2015 Mercedes-Benz C-Class C 220 CDI Avantgarde,Diesel,75000.0,Automatic,2015,18.5
2013 Honda Amaze VX AT i-Vtech,Petrol,77130.0,Automatic,2013,4.0
2018 Volvo XC40 D4 R-Design,Diesel,56426.0,Automatic,2018,29.9
2016 Audi Q7 45 TDI Quattro Premium Plus,Diesel,75000.0,Automatic,2016,39.9
2017 Maruti Ciaz 1.4 Delta,Petrol,69018.0,Manual,2017,5.75
2018 Hyundai Creta 1.6 CRDi SX Option,Diesel,57000.0,Manual,2018,10.75
2018 Hyundai Creta 1.6 SX,Petrol,76000.0,Manual,2018,9.3
2018 Jeep Compass 2.0 Sport,Diesel,67000.0,Manual,2018,10.9
2018 Ford Ecosport 1.5 Petrol Titanium BSIV,Petrol,76685.0,Manual,2018,6.95
2019 Nissan Kicks XV Premium D BSIV,Diesel,101954.0,Manual,2019,6.68
2017 Ford Endeavour 3.2 Titanium AT 4X4,Diesel,42000.0,Automatic,2017,24.5
2017 Honda Jazz 1.2 S i VTEC,Petrol,42000.0,Manual,2017,5.45
2016 Hyundai Grand i10 Asta Option AT,Petrol,68897.0,Automatic,2016,5.0
2021 BMW 6 Series GT 630i M Sport,Petrol,26000.0,Automatic,2021,65.0
2017 Maruti SX4 S Cross DDiS 200 Zeta,Diesel,105568.0,Manual,2017,4.63
2018 Ford Endeavour 2.2 Trend AT 4X2,Diesel,54000.0,Automatic,2018,24.0
2019 Hyundai Venue SX Plus Turbo DCT,Petrol,61383.0,Automatic,2019,9.63
2015 Mercedes-Benz C-Class C 220 CDI Avantgarde,Diesel,75000.0,Automatic,2015,18.5
2013 Honda Amaze VX AT i-Vtech,Petrol,77130.0,Automatic,2013,4.0
2018 Volvo XC40 D4 R-Design,Diesel,56426.0,Automatic,2018,29.9
2016 Audi Q7 45 TDI Quattro Premium Plus,Diesel,75000.0,Automatic,2016,39.9
2017 Maruti Ciaz 1.4 Delta,Petrol,69018.0,Manual,2017,5.75
2018 Hyundai Creta 1.6 CRDi SX Option,Diesel,57000.0,Manual,2018,10.75
2018 Hyundai Creta 1.6 SX,Petrol,76000.0,Manual,2018,9.3
2021 MG Hector Sharp CVT,Petrol,29000.0,Automatic,2021,16.5
2019 Hyundai Venue SX Plus Turbo DCT,Petrol,65710.0,Automatic,2019,8.66
2019 Maruti Vitara Brezza ZDi,Diesel,51763.0,Manual,2019,8.0
2021 Maruti SX4 S Cross Alpha,Petrol,19133.0,Manual,2021,9.74
2018 Hyundai Tucson 2.0 Dual VTVT 2WD AT GLS,Petrol,22000.0,Automatic,2018,19.25
2016 Toyota Fortuner 4x4 AT,Diesel,145000.0,Automatic,2016,18.0
2015 Maruti Ciaz ZXi,Petrol,42733.0,Manual,2015,6.82
2017 Audi A4 30 TFSI Technology,Petrol,30300.0,Automatic,2017,24.8
2022 Mercedes-Benz AMG A 35 4MATIC BSVI,Petrol,14000.0,Automatic,2022,48.5
2019 Renault Duster 85PS Diesel RxS,Diesel,59215.0,Manual,2019,7.8
2018 Mercedes-Benz S-Class S 450,Petrol,22000.0,Automatic,2018,93.0
2019 Hyundai Creta 1.6 SX Automatic,Petrol,91724.0,Automatic,2019,10.76
2017 Toyota Fortuner 2.8 2WD AT BSIV,Diesel,52000.0,Automatic,2017,25.5
2020 Lexus RX 450hL,Petrol,19900.0,Automatic,2020,82.0
2015 Maruti Wagon R VXi BSII,Petrol,72503.0,Manual,2015,3.21
2020 Mercedes-Benz GLC Coupe 300d 4MATIC BSVI,Diesel,38000.0,Automatic,2020,69.5
2017 Maruti Ciaz 1.3 Alpha,Diesel,67633.0,Manual,2017,6.61
2019 BMW 6 Series GT 630d Luxury Line,Diesel,45000.0,Automatic,2019,43.0
2015 Honda Amaze S i-Vtech,Petrol,61000.0,Manual,2015,4.6
2021 MG Hector Sharp CVT,Petrol,29000.0,Automatic,2021,16.5
2019 Hyundai Venue SX Plus Turbo DCT,Petrol,65710.0,Automatic,2019,8.66
2019 Maruti Vitara Brezza ZDi,Diesel,51763.0,Manual,2019,8.0
2021 Maruti SX4 S Cross Alpha,Petrol,19133.0,Manual,2021,9.74
2018 Hyundai Tucson 2.0 Dual VTVT 2WD AT GLS,Petrol,22000.0,Automatic,2018,19.25
2016 Toyota Fortuner 4x4 AT,Diesel,145000.0,Automatic,2016,18.0
2015 Maruti Ciaz ZXi,Petrol,42733.0,Manual,2015,6.82
2017 Audi A4 30 TFSI Technology,Petrol,30300.0,Automatic,2017,24.8
2022 Mercedes-Benz AMG A 35 4MATIC BSVI,Petrol,14000.0,Automatic,2022,48.5
2019 Renault Duster 85PS Diesel RxS,Diesel,59215.0,Manual,2019,7.8
2018 Mercedes-Benz S-Class S 450,Petrol,22000.0,Automatic,2018,93.0
2019 Hyundai Creta 1.6 SX Automatic,Petrol,91724.0,Automatic,2019,10.76
2017 Toyota Fortuner 2.8 2WD AT BSIV,Diesel,52000.0,Automatic,2017,25.5
2020 Lexus RX 450hL,Petrol,19900.0,Automatic,2020,82.0
2015 Maruti Wagon R VXi BSII,Petrol,72503.0,Manual,2015,3.21
2020 Mercedes-Benz GLC Coupe 300d 4MATIC BSVI,Diesel,38000.0,Automatic,2020,69.5
2017 Maruti Ciaz 1.3 Alpha,Diesel,67633.0,Manual,2017,6.61
2019 BMW 6 Series GT 630d Luxury Line,Diesel,45000.0,Automatic,2019,43.0
2015 Honda Amaze S i-Vtech,Petrol,61000.0,Manual,2015,4.6
2017 Mercedes-Benz C-Class C 220 CDI Avantgarde,Diesel,30000.0,Automatic,2017,27.5
2017 Ford Ecosport 1.5 Ti VCT AT Titanium BSIV,Petrol,103030.0,Automatic,2017,6.82
2019 Maruti XL6 Alpha,Petrol,19123.0,Manual,2019,10.25
2019 Mahindra XUV500 W9 BSIV,Diesel,70767.0,Manual,2019,11.6
2019 Mercedes-Benz E-Class Expression E 200 BSIV,Petrol,25000.0,Automatic,2019,49.75
2017 Hyundai Creta 1.6 VTVT E Plus,Petrol,58525.0,Manual,2017,8.5
2016 Maruti Baleno 1.2 Alpha,Petrol,77353.0,Manual,2016,5.2
2018 Maruti Baleno 1.2 Zeta,Petrol,59200.0,Manual,2018,6.25
2022 Mercedes-Benz GLE 300d,Diesel,25000.0,Automatic,2022,79.9
2018 Maruti SX4 S Cross Zeta DDiS 200 SH,Diesel,99230.0,Manual,2018,6.55
2017 Hyundai i20 1.2 Magna Executive,Petrol,80000.0,Manual,2017,5.25
2018 Maruti Ciaz 1.4 Delta,Petrol,50840.0,Manual,2018,6.72
2023 Mercedes-Benz C-Class C 200,Petrol,1000.0,Automatic,2023,59.75
2012 Honda City V AT,Petrol,150000.0,Automatic,2012,4.5
2017 Maruti Baleno 1.2 Zeta,Petrol,111142.0,Manual,2017,5.01
2014 Mercedes-Benz C-Class 200 K AT,Petrol,133477.0,Automatic,2014,8.5
2021 Toyota Fortuner 4X4 Diesel AT,Diesel,23000.0,Automatic,2021,43.0
2018 Maruti SX4 S Cross Zeta DDiS 200 SH,Diesel,120802.0,Manual,2018,5.97
2021 Tata Safari XZA Plus (O) Adventure Edition AT BSVI,Diesel,41000.0,Automatic,2021,20.0
2015 Toyota Camry Hybrid,Petrol,50000.0,Automatic,2015,12.5
2017 Mercedes-Benz C-Class C 220 CDI Avantgarde,Diesel,30000.0,Automatic,2017,27.5
2017 Ford Ecosport 1.5 Ti VCT AT Titanium BSIV,Petrol,103030.0,Automatic,2017,6.82
2019 Maruti XL6 Alpha,Petrol,19123.0,Manual,2019,10.25
2019 Mahindra XUV500 W9 BSIV,Diesel,70767.0,Manual,2019,11.6
2019 Mercedes-Benz E-Class Expression E 200 BSIV,Petrol,25000.0,Automatic,2019,49.75
2017 Hyundai Creta 1.6 VTVT E Plus,Petrol,58525.0,Manual,2017,8.5
2016 Maruti Baleno 1.2 Alpha,Petrol,77353.0,Manual,2016,5.2
2018 Maruti Baleno 1.2 Zeta,Petrol,59200.0,Manual,2018,6.25
2022 Mercedes-Benz GLE 300d,Diesel,25000.0,Automatic,2022,79.9
2018 Maruti SX4 S Cross Zeta DDiS 200 SH,Diesel,99230.0,Manual,2018,6.55
2017 Hyundai i20 1.2 Magna Executive,Petrol,80000.0,Manual,2017,5.25
2018 Maruti Ciaz 1.4 Delta,Petrol,50840.0,Manual,2018,6.72
2023 Mercedes-Benz C-Class C 200,Petrol,1000.0,Automatic,2023,59.75
2012 Honda City V AT,Petrol,150000.0,Automatic,2012,4.5
2017 Maruti Baleno 1.2 Zeta,Petrol,111142.0,Manual,2017,5.01
2014 Mercedes-Benz C-Class 200 K AT,Petrol,133477.0,Automatic,2014,8.5
2021 Toyota Fortuner 4X4 Diesel AT,Diesel,23000.0,Automatic,2021,43.0
2018 Maruti SX4 S Cross Zeta DDiS 200 SH,Diesel,120802.0,Manual,2018,5.97
2021 Tata Safari XZA Plus (O) Adventure Edition AT BSVI,Diesel,41000.0,Automatic,2021,20.0
2015 Toyota Camry Hybrid,Petrol,50000.0,Automatic,2015,12.5
2021 Mercedes-Benz S-Class S 350 d,Diesel,7900.0,Automatic,2021,1.5
2019 Maruti Ciaz Alpha AT BSVI,Petrol,42334.0,Automatic,2019,8.29
2012 Honda City V AT,Petrol,150000.0,Automatic,2012,4.25
2015 Maruti Swift Dzire VXI,Petrol,98275.0,Manual,2015,3.97
2019 Land Rover Range Rover 3.0 Diesel LWB Vogue,Diesel,57500.0,Automatic,2019,1.8
2018 Honda WR-V i-VTEC VX,Petrol,65000.0,Manual,2018,6.85
2018 Hyundai Verna VTVT 1.6 SX,Petrol,52235.0,Manual,2018,7.45
2015 Honda City i VTEC V,Petrol,50158.0,Manual,2015,6.95
2020 Mercedes-Benz E-Class Exclusive E 220d,Diesel,34000.0,Automatic,2020,44.9
2017 Nissan Sunny XV CVT,Petrol,69820.0,Automatic,2017,5.44
2019 Toyota Innova Crysta 2.8 ZX AT BSIV,Diesel,71000.0,Automatic,2019,20.5
2018 Maruti Ignis 1.2 AMT Alpha BSIV,Petrol,82415.0,Automatic,2018,5.34
2017 Mercedes-Benz GLS 350d 4MATIC,Diesel,70000.0,Automatic,2017,51.5
2012 Honda City V AT,Petrol,150000.0,Automatic,2012,4.5
2018 Renault Duster 110PS Diesel RxZ AMT,Diesel,71070.0,Automatic,2018,7.22
2016 Mercedes-Benz B Class B180 Sport,Petrol,83000.0,Automatic,2016,12.65
2020 Hyundai Venue SX Turbo,Petrol,107834.0,Manual,2020,7.99
2018 Maruti Baleno Alpha,Petrol,55000.0,Manual,2018,6.75
2017 Mercedes-Benz GLE 400 4MATIC,Petrol,55000.0,Automatic,2017,45.45
2021 Mercedes-Benz S-Class S 350 d,Diesel,7900.0,Automatic,2021,1.5
2019 Maruti Ciaz Alpha AT BSVI,Petrol,42334.0,Automatic,2019,8.29
2012 Honda City V AT,Petrol,150000.0,Automatic,2012,4.25
2015 Maruti Swift Dzire VXI,Petrol,98275.0,Manual,2015,3.97
2019 Land Rover Range Rover 3.0 Diesel LWB Vogue,Diesel,57500.0,Automatic,2019,1.8
2018 Honda WR-V i-VTEC VX,Petrol,65000.0,Manual,2018,6.85
2018 Hyundai Verna VTVT 1.6 SX,Petrol,52235.0,Manual,2018,7.45
2015 Honda City i VTEC V,Petrol,50158.0,Manual,2015,6.95
2020 Mercedes-Benz E-Class Exclusive E 220d,Diesel,34000.0,Automatic,2020,44.9
2017 Nissan Sunny XV CVT,Petrol,69820.0,Automatic,2017,5.44
2019 Toyota Innova Crysta 2.8 ZX AT BSIV,Diesel,71000.0,Automatic,2019,20.5
2018 Maruti Ignis 1.2 AMT Alpha BSIV,Petrol,82415.0,Automatic,2018,5.34
2017 Mercedes-Benz GLS 350d 4MATIC,Diesel,70000.0,Automatic,2017,51.5
2012 Honda City V AT,Petrol,150000.0,Automatic,2012,4.5
2018 Renault Duster 110PS Diesel RxZ AMT,Diesel,71070.0,Automatic,2018,7.22
2016 Mercedes-Benz B Class B180 Sport,Petrol,83000.0,Automatic,2016,12.65
2020 Hyundai Venue SX Turbo,Petrol,107834.0,Manual,2020,7.99
2018 Maruti Baleno Alpha,Petrol,55000.0,Manual,2018,6.75
2017 Mercedes-Benz GLE 400 4MATIC,Petrol,55000.0,Automatic,2017,45.45
2020 Volvo XC60 D5 Inscription,Diesel,25000.0,Automatic,2020,52.0
2014 Maruti Ritz VXi,Petrol,48539.0,Manual,2014,3.21
2015 Honda City V MT,Petrol,65000.0,Manual,2015,6.25
2014 Hyundai Grand i10 Sportz,Petrol,86916.0,Manual,2014,3.68
2016 Lexus RX 450h F-Sport,Petrol,11000.0,Automatic,2016,66.0
2019 Tata Nexon 1.2 Revotron XZA Plus DualTone,Petrol,108662.0,Automatic,2019,7.12
2012 Honda City V AT,Petrol,130000.0,Automatic,2012,4.5
2019 BMW M2 Competition,Petrol,29000.0,Automatic,2019,71.0
2018 Hyundai Grand i10 1.2 Kappa Asta,Petrol,63307.0,Manual,2018,5.44
2018 Hyundai Tucson 2.0 e-VGT 4WD AT GLS,Diesel,84000.0,Automatic,2018,15.9
2016 Maruti Baleno 1.2 Alpha,Petrol,101927.0,Manual,2016,5.14
2017 Mini 3 DOOR John Cooper Works 2019-2020,Petrol,31900.0,Automatic,2017,31.0
2015 Mercedes-Benz E-Class E 200 CGI,Petrol,76000.0,Automatic,2015,23.9
2019 Maruti Ciaz Alpha AT BSVI,Petrol,40775.0,Automatic,2019,8.14
2020 Mercedes-Benz S-Class S 350 d,Diesel,18346.0,Automatic,2020,97.0
2021 Mercedes-Benz GLS 400d 4MATIC BSVI,Diesel,46001.0,Automatic,2021,1.06
2018 Maruti SX4 S Cross Alpha DDiS 200 SH,Diesel,59710.0,Manual,2018,7.8
2020 Honda City VX CVT,Petrol,40000.0,Automatic,2020,10.95
2015 Mercedes-Benz M-Class ML 350 4Matic,Diesel,76000.0,Automatic,2015,19.99
2020 Volvo XC60 D5 Inscription,Diesel,25000.0,Automatic,2020,52.0
2014 Maruti Ritz VXi,Petrol,48539.0,Manual,2014,3.21
2015 Honda City V MT,Petrol,65000.0,Manual,2015,6.25
2014 Hyundai Grand i10 Sportz,Petrol,86916.0,Manual,2014,3.68
2016 Lexus RX 450h F-Sport,Petrol,11000.0,Automatic,2016,66.0
2019 Tata Nexon 1.2 Revotron XZA Plus DualTone,Petrol,108662.0,Automatic,2019,7.12
2012 Honda City V AT,Petrol,130000.0,Automatic,2012,4.5
2019 BMW M2 Competition,Petrol,29000.0,Automatic,2019,71.0
2018 Hyundai Grand i10 1.2 Kappa Asta,Petrol,63307.0,Manual,2018,5.44
2018 Hyundai Tucson 2.0 e-VGT 4WD AT GLS,Diesel,84000.0,Automatic,2018,15.9
2016 Maruti Baleno 1.2 Alpha,Petrol,101927.0,Manual,2016,5.14
2017 Mini 3 DOOR John Cooper Works 2019-2020,Petrol,31900.0,Automatic,2017,31.0
2015 Mercedes-Benz E-Class E 200 CGI,Petrol,76000.0,Automatic,2015,23.9
2019 Maruti Ciaz Alpha AT BSVI,Petrol,40775.0,Automatic,2019,8.14
2020 Mercedes-Benz S-Class S 350 d,Diesel,18346.0,Automatic,2020,97.0
2021 Mercedes-Benz GLS 400d 4MATIC BSVI,Diesel,46001.0,Automatic,2021,1.06
2018 Maruti SX4 S Cross Alpha DDiS 200 SH,Diesel,59710.0,Manual,2018,7.8
2020 Honda City VX CVT,Petrol,40000.0,Automatic,2020,10.95
2015 Mercedes-Benz M-Class ML 350 4Matic,Diesel,76000.0,Automatic,2015,19.99
2022 Audi Q7 Technology 2022-2022,Petrol,8000.0,Automatic,2022,87.0
2019 Honda WR-V i-VTEC VX,Petrol,67606.0,Manual,2019,6.82
2016 Audi Q3 35 TDI Quattro Premium Plus,Diesel,72135.0,Automatic,2016,15.75
2015 Hyundai i20 Asta 1.2,Petrol,96658.0,Manual,2015,5.1
2017 Audi A4 30 TFSI Premium Plus,Petrol,29000.0,Automatic,2017,27.25
2017 Audi Q7 45 TDI Quattro Technology,Diesel,76000.0,Automatic,2017,45.0
2017 Maruti Ciaz 1.4 AT Alpha,Petrol,26750.0,Automatic,2017,8.62
2009 Mercedes-Benz S-Class S 350 L,Petrol,92762.0,Automatic,2009,8.25
2018 Jaguar XF 2.0 Diesel Portfolio,Diesel,14000.0,Automatic,2018,35.5
2018 Nissan Micra Active XV S,Petrol,43293.0,Manual,2018,4.12
2017 Honda City 1.5 V MT Exclusive,Petrol,102786.0,Manual,2017,5.95
2015 Nissan Micra Active XV S,Petrol,98751.0,Manual,2015,2.98
2017 Jeep Grand Cherokee Summit 4X4,Diesel,53000.0,Automatic,2017,34.9
2017 BMW 3 Series 320d,Diesel,54776.0,Automatic,2017,18.9
2018 Maruti Ciaz 1.3 Alpha,Diesel,59870.0,Manual,2018,7.27
2013 Hyundai Grand i10 1.2 Kappa Magna BSIV,Petrol,50000.0,Manual,2013,3.95
2021 Mercedes-Benz G G 350d,Diesel,38000.0,Automatic,2021,2.45
2013 Maruti Ritz VXi,Petrol,80330.0,Manual,2013,2.93
2015 Honda City V MT,Petrol,94000.0,Manual,2015,6.25
2018 Land Rover Discovery Sport TD4 SE,Diesel,37800.0,Automatic,2018,37.9
2022 Audi Q7 Technology 2022-2022,Petrol,8000.0,Automatic,2022,87.0
2019 Honda WR-V i-VTEC VX,Petrol,67606.0,Manual,2019,6.82
2016 Audi Q3 35 TDI Quattro Premium Plus,Diesel,72135.0,Automatic,2016,15.75
2015 Hyundai i20 Asta 1.2,Petrol,96658.0,Manual,2015,5.1
2017 Audi A4 30 TFSI Premium Plus,Petrol,29000.0,Automatic,2017,27.25
2017 Audi Q7 45 TDI Quattro Technology,Diesel,76000.0,Automatic,2017,45.0
2017 Maruti Ciaz 1.4 AT Alpha,Petrol,26750.0,Automatic,2017,8.62
2009 Mercedes-Benz S-Class S 350 L,Petrol,92762.0,Automatic,2009,8.25
2018 Jaguar XF 2.0 Diesel Portfolio,Diesel,14000.0,Automatic,2018,35.5
2018 Nissan Micra Active XV S,Petrol,43293.0,Manual,2018,4.12
2017 Honda City 1.5 V MT Exclusive,Petrol,102786.0,Manual,2017,5.95
2015 Nissan Micra Active XV S,Petrol,98751.0,Manual,2015,2.98
2017 Jeep Grand Cherokee Summit 4X4,Diesel,53000.0,Automatic,2017,34.9
2017 BMW 3 Series 320d,Diesel,54776.0,Automatic,2017,18.9
2018 Maruti Ciaz 1.3 Alpha,Diesel,59870.0,Manual,2018,7.27
2013 Hyundai Grand i10 1.2 Kappa Magna BSIV,Petrol,50000.0,Manual,2013,3.95
2021 Mercedes-Benz G G 350d,Diesel,38000.0,Automatic,2021,2.45
2013 Maruti Ritz VXi,Petrol,80330.0,Manual,2013,2.93
2015 Honda City V MT,Petrol,94000.0,Manual,2015,6.25
2018 Land Rover Discovery Sport TD4 SE,Diesel,37800.0,Automatic,2018,37.9
2019 Audi Q7 45 TDI Quattro Premium Plus,Diesel,25000.0,Automatic,2019,65.5
2019 Tata Harrier XZ BSVI,Diesel,29294.0,Manual,2019,13.65
2023 Kia Seltos HTX IVT G,Petrol,6800.0,Automatic,2023,16.95
2020 Ford Figo Titanium BSIV,Petrol,16847.0,Manual,2020,5.94
2017 Mercedes-Benz CLA Urban Sport 200d,Diesel,70000.0,Automatic,2017,17.5
2022 Audi Q5 Technology BSVI,Petrol,25500.0,Automatic,2022,55.8
2018 Renault Duster 110PS Diesel RxZ AMT,Diesel,65865.0,Automatic,2018,7.99
2021 Audi A6 45 TFSI Technology BSVI,Petrol,1000.0,Automatic,2021,55.9
2018 Volvo XC60 D4 Momentum,Diesel,60000.0,Automatic,2018,38.0
2020 Tata Nexon XZ Plus Diesel S,Diesel,54000.0,Manual,2020,9.99
2022 BMW 3 Series M340i xDrive,Petrol,5500.0,Automatic,2022,72.0
2021 Honda Jazz ZX CVT,Petrol,20866.0,Automatic,2021,8.14
2023 Maruti Baleno Alpha AMT BSVI,Petrol,5000.0,Automatic,2023,9.85
2010 Maruti Swift LXI,Petrol,130363.0,Manual,2010,1.3
2018 Mahindra Marazzo M8,Diesel,73937.0,Manual,2018,8.99
2017 Hyundai Creta 1.4 E Plus CRDi,Diesel,40000.0,Manual,2017,7.99
2020 Mercedes-Benz GLE 300d,Diesel,15000.0,Automatic,2020,74.5
2018 Nissan Micra Active XV S,Petrol,42014.0,Manual,2018,4.25
2021 MG Hector Sharp DCT,Petrol,34000.0,Automatic,2021,16.4
2018 Maruti Vitara Brezza ZDi Plus AMT,Diesel,73000.0,Automatic,2018,7.0
2019 Maruti SX4 S Cross Zeta DDiS 200 SH,Diesel,59841.0,Manual,2019,8.74
2021 Kia Seltos HTX IVT G,Petrol,37000.0,Automatic,2021,15.25
2012 Toyota Etios Liva G,Petrol,81949.0,Manual,2012,2.92
2017 Hyundai i10 Magna,Petrol,50000.0,Manual,2017,4.25
2013 Hyundai EON D Lite Plus,Petrol,50000.0,Manual,2013,1.75
2020 Honda City ZX CVT,Petrol,34769.0,Automatic,2020,13.08
2015 Maruti Swift LXI,Petrol,79656.0,Manual,2015,3.1
2019 Mercedes-Benz C-Class Progressive C 220d,Diesel,55000.0,Automatic,2019,34.75
2016 Hyundai i20 Asta Option 1.2,Petrol,84310.0,Manual,2016,5.64
2018 Hyundai Grand i10 1.2 Kappa Sportz BSIV,Petrol,23000.0,Manual,2018,5.15
2016 Nissan Micra Active XV S,Petrol,79362.0,Manual,2016,3.42
2019 BMW X4 M Sport X xDrive20d,Diesel,18000.0,Automatic,2019,49.5
2013 Maruti Ritz VXi,Petrol,102511.0,Manual,2013,2.49
2018 Maruti Ertiga CNG VXI,CNG,70000.0,Manual,2018,7.65
2017 Mercedes-Benz GLS 350d 4MATIC,Diesel,80000.0,Automatic,2017,48.5
2015 Hyundai Grand i10 Asta,Petrol,105446.0,Manual,2015,3.75
2015 Maruti Baleno 1.2 Delta,Petrol,54000.0,Manual,2015,4.25
2013 Hyundai i10 Era,Petrol,75865.0,Manual,2013,2.65
2020 Kia Seltos HTK Plus G,Petrol,64690.0,Manual,2020,10.0
2022 Hyundai Venue SX BSVI,Petrol,5103.0,Manual,2022,10.85
2015 Tata Nano CNG XM,CNG,52000.0,Manual,2015,1.5
2018 Mahindra KUV 100 mFALCON G80 K2,Petrol,18706.0,Manual,2018,4.24
2016 Hyundai Xcent 1.2 Kappa S,Petrol,43687.0,Manual,2016,5.2
2019 Hyundai Venue SX Plus Turbo DCT BSIV,Petrol,51000.0,Automatic,2019,9.75
2012 Honda City V MT,Petrol,60758.0,Manual,2012,4.4
2020 Hyundai Venue SX Opt Diesel BSIV,Diesel,42000.0,Manual,2020,10.5
2016 Maruti Vitara Brezza ZDi Plus Dual Tone,Diesel,42261.0,Manual,2016,8.85
2015 Hyundai Grand i10 Magna,Petrol,75499.0,Manual,2015,4.56
2013 Hyundai Elantra CRDi Base,Diesel,120000.0,Manual,2013,3.99
2015 Hyundai Grand i10 Magna,Petrol,87109.0,Manual,2015,4.59
2019 Mahindra TUV 300 T10,Diesel,69000.0,Manual,2019,8.5
2017 Volkswagen Ameo 1.5 TDI Highline AT,Diesel,109000.0,Automatic,2017,6.25
2018 Hyundai Elantra 1.6 SX Option AT,Diesel,90001.0,Automatic,2018,10.75
2022 Skoda Kushaq 1.5 TSI Style DSG,Petrol,13000.0,Automatic,2022,16.5
2011 Volkswagen Polo Diesel Comfortline 1.2L,Diesel,60000.0,Manual,2011,2.4
2010 Hyundai Accent GLE,Petrol,75000.0,Manual,2010,1.9
2019 Maruti XL6 Alpha AT,Petrol,76000.0,Automatic,2019,9.25
2014 Maruti Ertiga VDI,Diesel,82000.0,Manual,2014,6.5
2016 Maruti Vitara Brezza ZDi Plus Dual Tone,Diesel,42261.0,Manual,2016,8.85
2015 Hyundai Grand i10 Magna,Petrol,87109.0,Manual,2015,4.59
2014 Maruti Ertiga VDI,Diesel,82000.0,Manual,2014,6.5
2016 Hyundai EON Era Plus,Petrol,47057.0,Manual,2016,3.17
2019 Hyundai Verna VTVT 1.6 SX,Petrol,123715.0,Manual,2019,7.7
2021 Tata Tiago XT BSVI,Petrol,36522.0,Manual,2021,5.44
2016 Volkswagen Vento 1.6 Highline,Petrol,63000.0,Manual,2016,5.8
2018 Volkswagen Polo 1.0 MPI Comfortline,Petrol,23285.0,Manual,2018,5.73
2021 Hyundai Grand i10 Nios Sportz,Petrol,14596.0,Manual,2021,6.41
2013 Mercedes-Benz C-Class 220 CDI AT,Diesel,48401.0,Automatic,2013,12.0
2021 Maruti Baleno Zeta,Petrol,34377.0,Manual,2021,7.57
2011 Mercedes-Benz M-Class ML 350 CDI,Diesel,127000.0,Automatic,2011,11.0
2018 Mercedes-Benz E-Class Exclusive E 220 d BSIV,Diesel,70000.0,Automatic,2018,39.95
2012 BMW X3 xDrive20d,Diesel,90000.0,Automatic,2012,12.0
2017 Ford Ecosport 1.5 Diesel Titanium Plus,Diesel,65000.0,Manual,2017,7.25
2020 Jeep Compass 2.0 Limited Plus,Diesel,80000.0,Manual,2020,16.5
2014 Honda Mobilio S i-DTEC,Diesel,89000.0,Manual,2014,5.5
2018 Ford Ecosport 1.5 Diesel Titanium Plus,Diesel,90000.0,Manual,2018,7.75
2017 Volkswagen Vento 1.5 TDI Highline AT,Diesel,109000.0,Automatic,2017,7.25
2021 Mahindra XUV300 W8 AMT Optional Diesel BSVI,Diesel,66302.0,Automatic,2021,11.24
2012 Maruti Swift Dzire VXI,Petrol,79247.0,Manual,2012,4.1
2017 Mini Cooper Clubman Cooper S,Petrol,46000.0,Automatic,2017,33.0
2017 Maruti Baleno 1.3 Alpha,Diesel,82051.0,Manual,2017,6.07
2021 Maruti Swift ZXI Plus,Petrol,31655.0,Manual,2021,7.75
2017 Hyundai Grand i10 Sportz,Petrol,16000.0,Manual,2017,5.75
2019 Honda WR-V i-DTEC VX,Diesel,59965.0,Manual,2019,7.61
2009 Hyundai i20 Asta,Petrol,60000.0,Manual,2009,1.75
2017 Maruti Baleno 1.2 Delta,Petrol,103209.0,Manual,2017,5.02
2017 Maruti Baleno 1.2 Delta,Petrol,29497.0,Manual,2017,5.59
2012 Hyundai i10 Magna,Petrol,51000.0,Manual,2012,2.9
2020 Hyundai Grand i10 Nios AMT Sportz,Petrol,22849.0,Automatic,2020,6.83
2018 Hyundai i20 1.4 Asta,Diesel,66000.0,Manual,2018,5.75
2019 BMW X1 xDrive 20d xLine,Diesel,43000.0,Automatic,2019,29.5
2019 Maruti Vitara Brezza VDi,Diesel,68000.0,Manual,2019,7.5
2018 Mercedes-Benz GLC 220d 4MATIC Sport,Diesel,61000.0,Automatic,2018,37.5
2018 Maruti Ciaz Delta,Petrol,35000.0,Manual,2018,6.8
2019 Maruti Baleno Zeta CVT,Petrol,47000.0,Automatic,2019,6.75
2019 Maruti Vitara Brezza ZDi Plus,Diesel,54000.0,Manual,2019,8.75
2015 Honda City i VTEC CVT SV,Petrol,72000.0,Automatic,2015,6.15
2017 Maruti Alto 800 LXI,Petrol,62039.0,Manual,2017,3.02
2020 Maruti Baleno Zeta,Petrol,23428.0,Manual,2020,7.14
2017 Maruti SX4 S Cross Zeta DDiS 200 SH,Diesel,53000.0,Manual,2017,7.95
2012 Honda City V MT,Petrol,47925.0,Manual,2012,4.53
2015 Hyundai Grand i10 Magna,Petrol,59011.0,Manual,2015,4.26
2019 Mahindra Alturas G4 4X2 AT,Diesel,121281.0,Automatic,2019,17.51
2019 Hyundai Grand i10 1.2 Kappa Sportz BSIV,Petrol,63238.0,Manual,2019,5.15
2014 Honda City i VTEC CVT VX,Petrol,51376.0,Automatic,2014,6.0
2013 Hyundai i10 Magna 1.1L,Petrol,51196.0,Manual,2013,3.19
2018 Hyundai Grand i10 1.2 Kappa Sportz Option AT,Petrol,35898.0,Automatic,2018,5.43
2018 BMW 5 Series 520d Sport Line,Diesel,40000.0,Automatic,2018,34.5
2018 Maruti Ignis 1.2 Delta BSIV,Petrol,19876.0,Manual,2018,4.92
2012 Maruti Swift VDI,Diesel,68000.0,Manual,2012,4.1
2016 Honda Amaze S Petrol,Petrol,40451.0,Manual,2016,5.25
2014 Honda City i VTEC SV,Petrol,60000.0,Manual,2014,5.55
2013 Audi A6 2.0 TDI Premium Plus,Diesel,69000.0,Automatic,2013,14.5
2018 Maruti Baleno Zeta,Petrol,98000.0,Manual,2018,6.0
2020 Hyundai Venue SX Plus Turbo DCT,Petrol,790000.0,Automatic,2020,9.75
2019 Honda Jazz VX CVT,Petrol,55000.0,Automatic,2019,7.5
2015 Toyota Etios GD,Diesel,104000.0,Manual,2015,5.25
2019 Maruti Alto 800 VXI BSIV,Petrol,57647.0,Manual,2019,3.52
2017 Hyundai Grand i10 1.2 Kappa Magna BSIV,Petrol,76125.0,Manual,2017,4.4
2017 Maruti Swift Dzire VDI,Diesel,94857.0,Manual,2017,6.06
2016 Honda Amaze S i-Vtech,Petrol,51499.0,Manual,2016,4.96
2023 Mahindra XUV700 AX5 7 Str Diesel AT,Diesel,22468.0,Automatic,2023,22.0
2016 Maruti Celerio ZXI,Petrol,123186.0,Manual,2016,3.68
2021 Maruti Wagon R VXI AMT,Petrol,20000.0,Automatic,2021,6.1
2015 Hyundai i20 Asta 1.2,Petrol,74661.0,Manual,2015,5.45
2012 Maruti Swift VDI,Diesel,50018.0,Manual,2012,4.2
2019 Hyundai i20 1.2 Asta,Petrol,38000.0,Manual,2019,5.6
2021 Maruti Baleno Zeta,Petrol,11971.0,Manual,2021,7.55
2010 Fiat Punto 1.3 Emotion,Diesel,80000.0,Manual,2010,1.0
2014 Hyundai i20 Asta 1.2,Petrol,64000.0,Manual,2014,5.5
2017 Maruti Baleno 1.2 Sigma,Petrol,37000.0,Manual,2017,5.05
2015 Hyundai i20 Asta 1.4 CRDi,Diesel,92000.0,Manual,2015,5.95
2019 Maruti Alto K10 VXI,Petrol,70000.0,Manual,2019,3.4
2021 Maruti Vitara Brezza LXI,Petrol,83000.0,Manual,2021,7.95
2020 Maruti Wagon R LXI,Petrol,32000.0,Manual,2020,5.1
2018 Maruti Baleno Alpha Diesel,Diesel,88000.0,Manual,2018,5.9
2012 Maruti Swift Dzire LXI,Petrol,105885.0,Manual,2012,3.27
2017 Honda WR-V i-DTEC VX,Diesel,93774.0,Manual,2017,7.15
2020 Mercedes-Benz C-Class Progressive C 220d,Diesel,44000.0,Automatic,2020,39.5
2016 Hyundai Grand i10 Magna,Petrol,86981.0,Manual,2016,4.21
2019 Maruti Baleno 1.2 Zeta,Petrol,48728.0,Manual,2019,6.66
2013 Hyundai Verna 1.6 SX VTVT,Petrol,87001.0,Manual,2013,4.65
2016 Maruti Wagon R VXI BS IV,Petrol,50595.0,Manual,2016,4.11
2021 Honda Jazz V CVT,Petrol,31000.0,Automatic,2021,8.5
2015 Hyundai Grand i10 Magna,Petrol,103012.0,Manual,2015,4.14
2013 Maruti Swift VXI,Petrol,108929.0,Manual,2013,3.84
2016 Honda BR-V i-VTEC V CVT,Petrol,57000.0,Automatic,2016,7.95
2018 Honda Brio 1.2 S Option MT,Petrol,56387.0,Manual,2018,4.3
2014 Honda City i DTec VX,Diesel,101000.0,Manual,2014,5.75
2018 Honda Brio 1.2 VX AT,Petrol,42000.0,Automatic,2018,5.5
2021 Hyundai Verna SX Diesel,Diesel,50000.0,Manual,2021,13.9
2020 Ford Ecosport 1.5 Diesel Titanium,Diesel,810000.0,Manual,2020,9.0
2018 Hyundai Grand i10 1.2 Kappa Sportz Option AT,Petrol,26000.0,Automatic,2018,5.95
2014 Mercedes-Benz C-Class C 220 CDI BE Avantgare,Diesel,92001.0,Automatic,2014,11.75
2016 Honda Brio 1.2 VX MT,Petrol,29000.0,Manual,2016,4.5
2017 Maruti Swift VXI Optional,Petrol,69000.0,Manual,2017,5.4
2022 Maruti Ignis Sigma BSVI,Petrol,51918.0,Manual,2022,5.4
2016 Hyundai Grand i10 Asta,Petrol,37552.0,Manual,2016,5.32
2019 Tata Nexon 1.2 Revotron XZ Plus,Petrol,84000.0,Manual,2019,8.7
2016 Honda Amaze S i-Vtech,Petrol,63420.0,Manual,2016,5.11
2017 Hyundai Grand i10 1.2 Kappa Magna BSIV,Petrol,68888.0,Manual,2017,4.39
2013 Maruti Swift ZDi,Diesel,104255.0,Manual,2013,4.5
2018 Honda Brio 1.2 S Option MT,Petrol,47877.0,Manual,2018,4.72
2016 Mercedes-Benz C-Class C 200 AVANTGARDE,Petrol,61000.0,Automatic,2016,27.9
2016 Honda Jazz 1.5 V i DTEC,Diesel,83337.0,Manual,2016,4.64
2016 Honda Brio S MT,Petrol,61836.0,Manual,2016,4.06
2015 Volkswagen Vento 1.2 TSI Highline AT,Petrol,68001.0,Automatic,2015,5.9
2022 Maruti Baleno Zeta BSVI,Petrol,39813.0,Manual,2022,7.87
2018 Honda Amaze VX i-VTEC,Petrol,74000.0,Manual,2018,6.9
2013 Honda Brio V MT,Petrol,87000.0,Manual,2013,3.5
2016 Hyundai i20 Sportz Option 1.2,Petrol,71000.0,Manual,2016,6.6
2018 Mercedes-Benz GLE 250d,Diesel,102000.0,Automatic,2018,43.5
2010 Mitsubishi Outlander 2.4,Petrol,110000.0,Automatic,2010,6.5
2019 Tata Tiago 1.2 Revotron XZ Plus,Petrol,75000.0,Manual,2019,5.7
2017 Maruti Ciaz VDi Plus SHVS,Diesel,62000.0,Manual,2017,7.1
2014 Hyundai i10 Magna 1.2 iTech SE,Petrol,49000.0,Manual,2014,4.4
2016 Maruti Ciaz ZXi,Petrol,76792.0,Manual,2016,6.37
2014 Honda Brio S MT,Petrol,34445.0,Manual,2014,4.24
2012 Hyundai i10 Magna 1.1 iTech SE,Petrol,64000.0,Manual,2012,3.2
2016 Maruti Swift Dzire VXI,Petrol,109405.0,Manual,2016,5.2
2015 Honda Jazz 1.2 VX i VTEC,Petrol,118146.0,Manual,2015,4.61
2022 Tata Punch Creative AMT BSVI,Petrol,9000.0,Automatic,2022,8.75
2017 Hyundai Grand i10 1.2 Kappa Sportz Option AT,Petrol,41339.0,Automatic,2017,5.87
2022 BMW 2 Series 220i M Sport BSVI,Petrol,22000.0,Automatic,2022,33.5
2017 Honda WR-V i-VTEC VX,Petrol,62607.0,Manual,2017,7.21
2020 Maruti Baleno Delta,Petrol,52794.0,Manual,2020,6.77
2022 Mercedes-Benz E-Class Exclusive E 200 BSVI,Petrol,10000.0,Automatic,2022,67.5
2022 Renault Triber RXL BSVI,Petrol,33864.0,Manual,2022,5.86
2012 Hyundai Elantra CRDi SX AT,Diesel,73000.0,Automatic,2012,4.25
2017 Maruti Baleno Delta,Petrol,70000.0,Manual,2017,4.75
2017 Honda BR-V i-DTEC S MT,Diesel,67754.0,Manual,2017,6.15
2010 Nissan Micra XL,Petrol,69000.0,Manual,2010,2.5
2018 Mahindra XUV500 W7 BSIV,Diesel,78000.0,Manual,2018,10.25
2009 Maruti Alto 800 LXi BSIII,Petrol,70000.0,Manual,2009,1.4
2017 Maruti Ertiga SHVS VDI,Diesel,83000.0,Manual,2017,7.8
2020 Hyundai Grand i10 Nios AMT Sportz,Petrol,17778.0,Automatic,2020,7.04
2021 Hyundai Grand i10 Nios AMT Sportz,Petrol,16499.0,Automatic,2021,7.14
2012 Renault Scala Diesel RxZ,Diesel,120000.0,Manual,2012,2.25
2016 Honda Jazz 1.2 V i VTEC,Petrol,33364.0,Manual,2016,4.79
2016 Hyundai Grand i10 Sportz,Petrol,64784.0,Manual,2016,4.26
2014 Mercedes-Benz E-Class E 200 CGI,Petrol,59000.0,Automatic,2014,19.9
2014 Hyundai i10 Magna 1.1L,Petrol,29584.0,Manual,2014,3.7
2013 Nissan Sunny Petrol Special Edition,Petrol,80000.0,Manual,2013,3.0
2011 Honda City 1.5 S MT,Petrol,87217.0,Manual,2011,3.73
2017 Tata Tiago 1.2 Revotron XT,Petrol,77482.0,Manual,2017,3.99
2018 Honda Jazz 1.2 V AT i VTEC,Petrol,60000.0,Automatic,2018,6.25
2020 Tata Tiago XZ,Petrol,34312.0,Manual,2020,5.57
2021 Tata Tiago XZA Plus AMT BSVI,Petrol,53000.0,Automatic,2021,6.5
2017 Honda Amaze VX CVT i-VTEC,Petrol,45000.0,Automatic,2017,5.75
2019 Honda Amaze VX i-VTEC,Petrol,23000.0,Manual,2019,6.9
2015 Maruti Swift Dzire VXI 1.2,Petrol,80001.0,Manual,2015,4.9
2015 Maruti Swift Dzire VDI,Diesel,62000.0,Manual,2015,5.5
2020 Ford Ecosport 1.5 Petrol Titanium Plus AT BSIV,Petrol,57000.0,Automatic,2020,8.5
2015 Honda Brio S MT,Petrol,21000.0,Manual,2015,3.9
2013 Maruti Swift VXI,Petrol,43415.0,Manual,2013,4.08
2017 Hyundai i20 Asta Option 1.4 CRDi,Diesel,24412.0,Manual,2017,7.58
2021 Kia Carnival Premium,Diesel,45000.0,Automatic,2021,25.9
2015 Hyundai Grand i10 Magna,Petrol,24020.0,Manual,2015,4.8
2018 Maruti Swift Dzire VXI 1.2,Petrol,70251.0,Manual,2018,5.33
2018 Honda City VX CVT,Petrol,44000.0,Automatic,2018,9.9
2021 Maruti Alto 800 LXI S-CNG,CNG,86212.0,Manual,2021,4.2
2018 Hyundai Verna VTVT 1.6 AT SX Option,Petrol,64000.0,Automatic,2018,9.5
2015 Hyundai Grand i10 Magna,Petrol,39458.0,Manual,2015,4.65
2012 Maruti Swift VDI,Diesel,70598.0,Manual,2012,3.56
2017 Honda Amaze S Option i-VTEC,Petrol,94000.0,Manual,2017,4.75
2016 Hyundai Grand i10 Magna,Petrol,48325.0,Manual,2016,4.3
2016 Toyota Corolla Altis VL AT,Petrol,66000.0,Automatic,2016,6.5
2015 Honda City i DTEC V,Diesel,86001.0,Manual,2015,5.75
2014 Toyota Corolla Altis G AT,Petrol,62000.0,Automatic,2014,6.9
2016 Hyundai Verna 1.4 VTVT,Petrol,50000.0,Manual,2016,6.25
2016 Hyundai Creta 1.6 SX Diesel,Diesel,79000.0,Manual,2016,9.25
2017 Maruti Swift Dzire AMT ZDI Plus,Diesel,74002.0,Automatic,2017,6.75
2014 Mercedes-Benz S-Class S 500 L,Petrol,74000.0,Automatic,2014,52.9
2015 Hyundai Verna 1.6 CRDi S Option,Diesel,65000.0,Manual,2015,5.9
2021 Hyundai i20 Asta Opt BSVI,Petrol,39718.0,Manual,2021,7.58
2016 Hyundai Grand i10 Magna,Petrol,67529.0,Manual,2016,4.5
2016 Audi Q7 45 TDI Quattro Technology,Diesel,110000.0,Automatic,2016,40.0
2017 Maruti Baleno 1.2 Delta,Petrol,88281.0,Manual,2017,5.01
2016 Hyundai Grand i10 Magna,Petrol,64160.0,Manual,2016,4.12
2018 Hyundai Tucson 2.0 e-VGT 4WD AT GLS,Diesel,88000.0,Automatic,2018,15.5
2017 Maruti Swift VXI,Petrol,77253.0,Manual,2017,4.91
2013 Audi A4 2.0 TDI,Diesel,72000.0,Automatic,2013,11.9
2012 Honda City S,Petrol,102614.0,Manual,2012,4.01
2017 Honda City i VTEC SV,Petrol,78911.0,Manual,2017,6.37
2015 BMW X5 xDrive 30d,Diesel,99000.0,Automatic,2015,28.9
2017 Hyundai Grand i10 1.2 Kappa Sportz BSIV,Petrol,47975.0,Manual,2017,4.96
2018 Mercedes-Benz C-Class C 220d Avantgarde Edition C,Diesel,56000.0,Automatic,2018,29.5
2014 Mercedes-Benz GL-Class 350 CDI Blue Efficiency,Diesel,121000.0,Automatic,2014,35.0
2015 Mercedes-Benz M-Class ML 250 CDI,Diesel,78000.0,Automatic,2015,23.9
2015 BMW X6 xDrive 40d M Sport,Diesel,75000.0,Automatic,2015,32.9
2020 Land Rover Range Rover Evoque 2.0 R-Dynamic SE diesel 2020-2021,Diesel,44000.0,Automatic,2020,53.5
2019 Maruti Celerio ZXI AMT BSIV,Petrol,42000.0,Automatic,2019,4.5
2018 Maruti Baleno 1.2 CVT Alpha,Petrol,60000.0,Automatic,2018,5.1
2015 Hyundai Grand i10 Magna,Petrol,64657.0,Manual,2015,4.02
2018 Honda Jazz 1.2 V AT i VTEC,Petrol,100657.0,Automatic,2018,5.67
2018 Hyundai Creta 1.6 VTVT AT SX Plus,Petrol,32000.0,Automatic,2018,10.9
2012 Honda Brio S MT,Petrol,50570.0,Manual,2012,2.8
2016 Hyundai Grand i10 Asta,Petrol,42392.0,Manual,2016,5.13
2014 Ford Ecosport 1.5 DV5 MT Titanium,Diesel,78000.0,Manual,2014,3.75
2015 Hyundai Grand i10 Magna,Petrol,62155.0,Manual,2015,4.19
2007 Maruti SX4 Vxi BSIII,Petrol,100000.0,Manual,2007,1.55
2016 Hyundai i20 Asta Option 1.4 CRDi,Diesel,94822.0,Manual,2016,5.43
2016 Hyundai EON Era Plus,Petrol,59422.0,Manual,2016,2.91
2020 Kia Seltos HTX IVT,Petrol,82000.0,Automatic,2020,13.9
2017 Hyundai Verna VTVT 1.6 AT SX Option,Petrol,70727.0,Automatic,2017,9.12
2020 Kia Seltos HTX IVT,Petrol,79000.0,Automatic,2020,12.9
2014 Renault Duster 110PS Diesel RxL,Diesel,120000.0,Manual,2014,3.45
2012 Renault Scala Diesel RxZ,Diesel,120000.0,Manual,2012,2.25
2013 Hyundai Elantra CRDi Base,Diesel,120000.0,Manual,2013,4.0
2016 Mahindra TUV 300 T8 AMT,Diesel,70000.0,Automatic,2016,6.15
2017 BMW X1 sDrive20d Expedition,Diesel,61000.0,Automatic,2017,19.75
2014 Honda Amaze EX i-Vtech,Petrol,92000.0,Manual,2014,3.6
2016 Honda BR-V i-VTEC S MT,Petrol,58857.0,Manual,2016,6.5
2016 Maruti Wagon R VXI BS IV,Petrol,68237.0,Manual,2016,3.89
2021 Maruti Baleno Zeta,Petrol,31237.0,Manual,2021,7.27
2017 Hyundai Xcent 1.2 VTVT E Plus,Petrol,45000.0,Manual,2017,4.95
2012 Maruti Swift VDI,Diesel,93027.0,Manual,2012,3.71
2014 Maruti Swift Dzire VDI,Diesel,122688.0,Manual,2014,4.22
2020 Honda Amaze S i-DTEC,Diesel,53000.0,Manual,2020,6.75
2019 Maruti Celerio X ZXI,Petrol,60464.0,Manual,2019,4.6
2014 Honda City i VTEC SV,Petrol,40171.0,Manual,2014,5.17
2018 Honda Amaze S i-VTEC,Petrol,122223.0,Manual,2018,5.8
2010 Hyundai i10 Magna 1.1,Petrol,44000.0,Manual,2010,2.4
2015 Hyundai Grand i10 AT Asta,Petrol,77299.0,Automatic,2015,4.79
2019 Tata Harrier XT Plus,Diesel,39000.0,Manual,2019,13.95
2018 Jeep Compass 2.0 Limited,Diesel,120000.0,Manual,2018,11.0
2022 MG Astor Sharp EX BSVI,Petrol,29000.0,Manual,2022,12.9
2017 Honda Jazz 1.2 S i VTEC,Petrol,60000.0,Manual,2017,4.75
2017 Hyundai i20 1.4 Asta,Diesel,80000.0,Manual,2017,6.9
2015 Ford Ecosport 1.5 Diesel Titanium,Diesel,78000.0,Manual,2015,5.5
2016 Honda Amaze S Diesel,Diesel,58000.0,Manual,2016,5.5
2015 Hyundai Grand i10 CRDi Magna,Diesel,67000.0,Manual,2015,4.25
2014 Maruti Swift LXI,Petrol,44019.0,Manual,2014,3.15
2021 Maruti Celerio ZXI Plus BSVI,Petrol,11962.0,Manual,2021,5.69
2009 Maruti Alto 800 LXi,Petrol,44002.0,Manual,2009,95000.0
2020 Maruti Alto 800 VXI BSVI,Petrol,13066.0,Manual,2020,3.69
2016 Hyundai Grand i10 Sportz,Petrol,36015.0,Manual,2016,3.61
2021 Hyundai i20 Sportz IVT BSVI,Petrol,14000.0,Automatic,2021,6.99
2020 Maruti Wagon R CNG LXI,CNG,11880.0,Manual,2020,4.74
2009 Hyundai i10 Era,Petrol,35000.0,Manual,2009,2.25
2015 Maruti Ertiga LDI,Diesel,65018.0,Manual,2015,4.75
2020 Maruti Alto 800 VXI BSVI,Petrol,28061.0,Manual,2020,3.43
2019 Renault Duster RXS Option CVT BSIV,Petrol,40300.0,Automatic,2019,6.5
2019 Maruti Alto K10 VXI,Petrol,58231.0,Manual,2019,3.32
2021 Hyundai i20 Asta Opt Turbo DCT BSVI,Petrol,13000.0,Automatic,2021,8.9
2020 Maruti Alto 800 VXI BSVI,Petrol,32997.0,Manual,2020,3.39
2015 Honda Jazz 1.2 VX i VTEC,Petrol,41203.0,Manual,2015,3.99
2019 Ford Aspire Titanium Plus BSIV,Petrol,6818.0,Manual,2019,5.4
2016 Honda City i DTec SV,Diesel,44000.0,Manual,2016,5.5
2019 Honda City i-DTEC ZX,Diesel,29200.0,Manual,2019,8.75
2011 Hyundai i10 Magna 1.1L,Petrol,16016.0,Manual,2011,1.85
2020 Maruti S-Presso VXI Plus 2019-2022,Petrol,26638.0,Manual,2020,4.19
2016 Honda City i DTec SV,Diesel,44000.0,Manual,2016,5.5
2020 Maruti Wagon R CNG LXI,CNG,18930.0,Manual,2020,4.79
2019 Porsche Cayenne Base,Petrol,5700.0,Automatic,2019,1.05
2019 Honda City i-DTEC ZX,Diesel,29200.0,Manual,2019,8.75
2019 Maruti Wagon R CNG LXI,CNG,26580.0,Manual,2019,4.49
2018 Honda BR-V i-VTEC V MT,Petrol,35000.0,Manual,2018,7.45
2018 Audi Q3 30 TFSI Premium FWD,Petrol,32000.0,Automatic,2018,21.0
2019 Hyundai Creta 1.6 SX Automatic Diesel,Diesel,68499.0,Automatic,2019,10.83
2018 Ford Ecosport 1.5 Diesel Titanium BSIV,Diesel,53750.0,Manual,2018,6.85
2019 Maruti Alto 800 VXI BSVI,Petrol,48341.0,Manual,2019,3.03
2018 Lamborghini Urus V8,Petrol,25000.0,Automatic,2018,3.6
2018 Maruti Wagon R VXI 1.2 BSIV,Petrol,34260.0,Manual,2018,3.95
2018 Ford Ecosport 1.5 Diesel Trend BSIV,Diesel,48380.0,Manual,2018,5.83
2018 Hyundai Creta 1.6 CRDi SX Plus,Diesel,52000.0,Manual,2018,9.95
2016 Maruti Omni E MPI STD,Petrol,23022.0,Manual,2016,2.25
2019 Maruti Alto K10 VXI Optional,Petrol,26610.0,Manual,2019,3.65
2018 Maruti Ertiga 1.5 VDI,Diesel,66019.0,Manual,2018,7.75
2014 Maruti Alto K10 2010-2014 VXI,Petrol,42320.0,Manual,2014,2.29
2020 Maruti Wagon R CNG LXI,CNG,25484.0,Manual,2020,4.77
2013 Maruti Zen Estilo LXI,Petrol,25171.0,Manual,2013,2.22
2011 Hyundai i20 1.4 CRDi Asta,Diesel,78006.0,Manual,2011,2.55
2018 Nissan Micra XL CVT,Petrol,21607.0,Automatic,2018,4.7
2019 Kia Seltos GTX Plus DCT,Petrol,52162.0,Automatic,2019,11.92
2016 BMW 7 Series 730Ld Design Pure Excellence,Diesel,23435.0,Automatic,2016,45.0
2021 Skoda Kushaq 1.0 TSI Style BSVI,Petrol,20336.0,Manual,2021,12.81
2018 Maruti SX4 S Cross Alpha DDiS 200 SH,Diesel,68591.0,Manual,2018,6.75
2014 Maruti Swift VDI BSIV,Diesel,65341.0,Manual,2014,3.44
2017 Datsun RediGO 1.0 T Option,Petrol,23329.0,Manual,2017,2.72
2015 Honda City i DTEC VX,Diesel,84000.0,Manual,2015,5.25
2018 Toyota Corolla Altis 1.4 DG,Diesel,19000.0,Manual,2018,14.95
2013 Maruti Ritz LDi,Diesel,100500.0,Manual,2013,2.45
2019 Ford Ecosport 1.5 Diesel Titanium BSIV,Diesel,58500.0,Manual,2019,6.65
2018 Volvo S60 Cross Country D4 AWD BSIV,Diesel,66455.0,Automatic,2018,19.35
2023 Maruti Celerio ZXI Plus,Petrol,1229.0,Manual,2023,5.9
2022 Audi Q5 Premium plus BSVI,Petrol,12100.0,Automatic,2022,50.0
2021 Kia Sonet HTX Turbo DCT,Petrol,26597.0,Automatic,2021,9.25
2015 Maruti Swift VXI BSIV,Petrol,73616.0,Manual,2015,3.75
2011 Hyundai i20 Magna,Petrol,53657.0,Manual,2011,2.63
2014 Hyundai EON D Lite Plus,Petrol,37016.0,Manual,2014,2.05
2017 Honda Jazz 1.2 SV i VTEC,Petrol,62466.0,Manual,2017,3.9
2021 Hyundai Grand i10 Nios Sportz,Petrol,20041.0,Manual,2021,6.19
2017 Maruti Swift VXI,Petrol,49000.0,Manual,2017,3.65
2014 Maruti Swift Dzire VXI,Petrol,44669.0,Manual,2014,3.79
2019 Hyundai Grand i10 Nios AMT Sportz,Petrol,28500.0,Automatic,2019,5.45
2014 Maruti Wagon R VXi BSII,Petrol,19843.0,Manual,2014,3.05
2014 Maruti Swift Dzire VXI,Petrol,44800.0,Manual,2014,3.81
2016 Maruti Swift VXI,Petrol,44275.0,Manual,2016,3.75
2020 Maruti Swift VXI,Petrol,27012.0,Manual,2020,5.45
2018 Maruti Wagon R VXI AMT 1.2,Petrol,35629.0,Automatic,2018,4.25
2017 Maruti Alto K10 VXI,Petrol,37009.0,Manual,2017,2.75
2011 Hyundai i10 Sportz AT,Petrol,28000.0,Automatic,2011,2.7
2014 Hyundai i10 Sportz 1.1L,Petrol,46022.0,Manual,2014,2.35
2009 Hyundai i10 Era 1.1,Petrol,100000.0,Manual,2009,1.25
2018 Maruti Ertiga BSIV VXI,Petrol,22302.0,Manual,2018,6.9
2021 Audi Q8 55 TFSI Quattro BSVI,Petrol,17000.0,Automatic,2021,80.0
2023 Tata Harrier XZA Plus Red Dark Diesel AT BSVI,Diesel,7400.0,Automatic,2023,20.25
2018 Datsun RediGO T Option,Petrol,17024.0,Manual,2018,2.72
2014 Toyota Etios Liva VXD,Diesel,71649.0,Manual,2014,3.32
2022 Maruti Wagon R LXI,Petrol,9016.0,Manual,2022,5.05
2015 Toyota Etios V,Petrol,44999.0,Manual,2015,3.74
2016 Renault Duster 85PS Diesel RxS,Diesel,78106.0,Manual,2016,5.1
2015 Hyundai EON Era Plus,Petrol,34016.0,Manual,2015,2.15
2014 Maruti Swift VDI BSIV,Diesel,85692.0,Manual,2014,3.47
2021 Tata Nexon XM BSVI,Petrol,6500.0,Manual,2021,7.98
2021 Hyundai Venue SX Turbo,Petrol,35080.0,Manual,2021,8.99
2016 Volkswagen Polo 1.2 MPI Comfortline,Petrol,77727.0,Manual,2016,3.77
2014 Hyundai i20 Sportz 1.2,Petrol,43000.0,Manual,2014,3.49
2019 Hyundai Grand i10 Sportz Petrol BSIV,Petrol,30000.0,Manual,2019,4.25
2016 Mahindra NuvoSport N6,Diesel,42364.0,Manual,2016,4.5
2015 Honda Brio VX AT,Petrol,7000.0,Automatic,2015,4.95
2016 Honda Jazz 1.2 V i VTEC,Petrol,54000.0,Manual,2016,3.95
2009 Maruti Swift Dzire VXi,Petrol,45000.0,Manual,2009,2.25
2013 Maruti Swift Dzire VXI,Petrol,44018.0,Manual,2013,3.45
2020 Honda Civic VX,Petrol,18500.0,Automatic,2020,12.9
2011 Hyundai Santro Xing GLS,Petrol,43002.0,Manual,2011,1.75
2020 Mercedes-Benz GLC 200,Petrol,13200.0,Automatic,2020,50.0
2019 Renault KWID 1.0 RXT Optional,Petrol,69381.0,Manual,2019,3.27
2015 Hyundai Creta 1.6 CRDi SX Option,Diesel,64275.0,Manual,2015,6.28
2021 Mahindra Thar LX 4-Str Convert Top AT BSVI,Petrol,7421.0,Automatic,2021,12.49
2021 Honda City ZX CVT,Petrol,5252.0,Automatic,2021,12.07
2014 Toyota Etios V,Petrol,63663.0,Manual,2014,3.41
2015 Honda City i VTEC VX,Petrol,60545.0,Manual,2015,5.55
2016 Honda Amaze S i-VTEC,Petrol,85602.0,Manual,2016,3.33
2019 Toyota Fortuner 2.8 4WD AT BSIV,Diesel,35902.0,Automatic,2019,28.0
2018 Hyundai Creta 1.6 SX Option,Petrol,87172.0,Manual,2018,7.88
2014 Volkswagen Polo Petrol Highline 1.2L,Petrol,52950.0,Manual,2014,3.72
2016 Hyundai Verna 1.6 VTVT S,Petrol,42005.0,Manual,2016,4.71
2018 Hyundai Creta 1.6 SX Option,Petrol,64000.0,Manual,2018,8.25
2019 Hyundai Verna VTVT 1.6 SX Option,Petrol,32000.0,Manual,2019,8.25
2018 Hyundai Creta 1.6 SX Option,Petrol,65000.0,Manual,2018,8.5
2018 Hyundai Elantra 2.0 SX,Petrol,21000.0,Manual,2018,8.85
2016 Toyota Corolla Altis 1.8 G CVT,Petrol,39450.0,Automatic,2016,8.15
2017 Hyundai Elantra 2.0 SX,Petrol,32000.0,Manual,2017,8.85
2018 Honda WR-V i-VTEC VX,Petrol,60314.0,Manual,2018,5.75
2018 Hyundai Verna VTVT 1.4 EX,Petrol,4000.0,Manual,2018,7.49
2017 Maruti Ciaz Delta Diesel,Diesel,65000.0,Automatic,2017,5.25
2015 Hyundai Creta 1.6 CRDi SX Option,Diesel,78019.0,Manual,2015,6.39
2020 Renault Duster RXZ,Petrol,42970.0,Manual,2020,7.64
2010 Toyota Innova 2.5 GX 7 STR BSIV,Diesel,176000.0,Manual,2010,4.4
2019 Maruti Wagon R VXI 1.2,Petrol,24100.0,Manual,2019,4.74
2015 Maruti Baleno 1.2 Alpha,Petrol,51123.0,Manual,2015,4.71
2016 Skoda Octavia Ambition 1.4 TSI MT,Petrol,66000.0,Manual,2016,5.95
2015 Maruti Baleno 1.3 Zeta,Diesel,48405.0,Manual,2015,4.98
2013 Audi A6 2.0 TDI Premium Plus,Diesel,52305.0,Automatic,2013,10.75
2015 Hyundai Grand i10 CRDi Asta,Diesel,46488.0,Manual,2015,3.71
2018 Hyundai i20 Diesel Sportz,Diesel,71842.0,Manual,2018,5.29
2014 Honda City i DTEC SV,Diesel,91000.0,Manual,2014,3.95
2013 Hyundai i20 Magna 1.4 CRDi (Diesel),Diesel,51334.0,Manual,2013,2.8
2016 Toyota Fortuner 2.8 2WD AT BSIV,Diesel,72560.0,Automatic,2016,16.7
2018 Hyundai Santro Sportz BSIV,Petrol,68000.0,Manual,2018,3.85
2014 Maruti Swift Dzire VXI,Petrol,45000.0,Manual,2014,3.6
2013 Mitsubishi Cedia Sports,Petrol,44000.0,Manual,2013,3.95
2016 Skoda Superb LK 1.8 TSI AT,Petrol,47000.0,Automatic,2016,10.95
2016 Toyota Fortuner 4x2 AT,Diesel,92044.0,Automatic,2016,16.5
2018 Audi Q7 45 TDI Quattro Technology,Diesel,40000.0,Automatic,2018,46.0
2015 Honda City i VTEC VX,Petrol,60545.0,Manual,2015,5.5
2014 Maruti Ritz VDi,Diesel,79097.0,Manual,2014,3.29
2013 Maruti Swift Dzire VXI,Petrol,68619.0,Manual,2013,3.44
2014 Audi Q5 30 TDI quattro Premium,Diesel,34452.0,Automatic,2014,16.75
2017 Hyundai Grand i10 1.2 CRDi Sportz,Diesel,40326.0,Manual,2017,5.22
2019 Datsun GO T Option,Petrol,40021.0,Manual,2019,3.92
2019 Maruti Wagon R LXI,Petrol,44000.0,Manual,2019,3.99
2019 Maruti Wagon R VXI 1.2,Petrol,7962.0,Manual,2019,4.89
2012 Toyota Innova 2.5 VX 7 STR BSIV,Diesel,260000.0,Manual,2012,6.25
2018 Nissan Micra Active XV,Petrol,44508.0,Manual,2018,3.38
2014 Hyundai Elantra SX AT,Petrol,58958.0,Automatic,2014,5.25
2018 Maruti Ignis 1.2 Zeta BSIV,Petrol,44000.0,Manual,2018,4.65
2022 Toyota Urban cruiser Premium,Petrol,48188.0,Manual,2022,8.25
2009 Hyundai i10 Sportz,Petrol,55000.0,Manual,2009,1.51
2013 Hyundai Grand i10 Magna,Petrol,24268.0,Manual,2013,2.85
2019 Hyundai Creta 1.6 CRDi AT SX Plus,Diesel,23000.0,Automatic,2019,10.5
2020 MG Hector Sharp AT BSIV,Petrol,38502.0,Automatic,2020,13.75
2017 Hyundai Creta 1.6 CRDi SX Plus,Diesel,35000.0,Manual,2017,7.5
2020 Kia Seltos GTX Plus,Petrol,43487.0,Manual,2020,13.5
2018 Maruti Vitara Brezza ZDi Plus AMT Dual Tone,Diesel,32000.0,Automatic,2018,7.5
2019 Mercedes-Benz GLA Class 200 d Sport,Diesel,14400.0,Automatic,2019,24.0
2017 Volkswagen Polo 1.2 MPI Trendline,Petrol,62920.0,Manual,2017,5.27
2012 Maruti A-Star Vxi,Petrol,60467.0,Manual,2012,2.8
2014 Hyundai i10 Sportz 1.1L,Petrol,65017.0,Manual,2014,2.25
2017 Maruti Swift Dzire ZXI 1.2,Petrol,38015.0,Manual,2017,5.47
2017 Toyota Etios Liva 1.2 V,Petrol,49134.0,Manual,2017,4.42
2016 Maruti Wagon R VXI AMT,Petrol,37100.0,Automatic,2016,3.1
2021 Hyundai i20 Asta Opt Turbo DCT BSVI,Petrol,69977.0,Automatic,2021,8.69
2017 Nissan Micra CVT XV,Petrol,16937.0,Automatic,2017,3.25
2018 Mahindra XUV500 W7 BSIV,Diesel,51441.0,Manual,2018,10.71
2017 Maruti Swift Dzire AMT ZXI,Petrol,53947.0,Automatic,2017,5.62
2020 Kia Seltos GTX Option,Petrol,30000.0,Manual,2020,13.2
2015 Hyundai i20 Asta 1.2,Petrol,40909.0,Manual,2015,4.35
2019 Mahindra TUV 300 T6 Plus,Diesel,70000.0,Manual,2019,5.75
2011 Maruti Swift Dzire 1.2 Vxi BSIV,Petrol,69000.0,Manual,2011,2.25
2017 Honda Jazz 1.2 SV i VTEC,Petrol,28662.0,Manual,2017,3.85
2021 Tata Harrier XTA Plus AT BSVI,Diesel,46912.0,Automatic,2021,16.25
2013 Volkswagen Vento Petrol Comfortline,Petrol,65000.0,Manual,2013,2.5
2013 Mercedes-Benz C-Class C 220 CDI Avantgarde,Diesel,40238.0,Automatic,2013,12.5
2020 Volkswagen Ameo 1.5 TDI Comfortline,Diesel,52000.0,Manual,2020,4.45
2021 Hyundai Santro Asta,Petrol,22873.0,Manual,2021,4.73
2012 Maruti A-Star Zxi,Petrol,77389.0,Manual,2012,2.27
2018 Maruti Swift VVT VXI,Petrol,32000.0,Manual,2018,5.3
2016 Skoda Rapid 1.5 TDI AT Style Plus,Diesel,88935.0,Automatic,2016,4.85
2018 Nissan Micra Active XV,Petrol,53681.0,Manual,2018,3.04
2018 Mahindra Bolero ZLX,Diesel,60000.0,Manual,2018,5.65
2015 Hyundai i20 Active 1.4 SX,Diesel,49441.0,Manual,2015,4.89
2019 Toyota Innova Crysta 2.4 VX MT BSIV,Diesel,41000.0,Manual,2019,16.95
2021 Maruti Ciaz S,Petrol,23838.0,Manual,2021,8.85
2021 Skoda Octavia L and K 1.9 TDI MT,Diesel,26719.0,Manual,2021,7.89
2020 Mercedes-Benz GLS 400d 4MATIC BSVI,Diesel,34987.0,Automatic,2020,1.1
2017 Mahindra TUV 300 mHAWK100 T8,Diesel,27236.0,Manual,2017,6.5
2015 Honda City i DTEC VX,Diesel,41080.0,Manual,2015,5.9
2016 Toyota Etios 1.4 VXD,Diesel,72793.0,Manual,2016,4.55
2014 Hyundai i10 Sportz,Petrol,64000.0,Manual,2014,2.35
2020 Jaguar F-Pace Prestige 2.0 AWD,Diesel,30000.0,Automatic,2020,39.0
2017 Maruti Ignis Zeta,Petrol,32002.0,Manual,2017,4.41
2018 Renault Duster 85PS Diesel RxS,Diesel,105000.0,Manual,2018,5.25
2017 BMW 3 Series 320d,Diesel,30000.0,Automatic,2017,16.0
2020 Maruti Wagon R VXI 1.2,Petrol,20827.0,Manual,2020,4.6
2017 Mahindra Bolero mHAWK D70 ZLX,Diesel,37852.0,Manual,2017,6.75
2022 Tata Harrier XZA AT BSVI,Diesel,16683.0,Automatic,2022,19.24
2011 Hyundai i10 Magna 1.2,Petrol,53135.0,Manual,2011,1.8
2017 Hyundai Grand i10 1.2 Kappa Sportz BSIV,Petrol,32230.0,Manual,2017,5.13
2022 BMW 5 Series 520d Luxury Line,Diesel,11000.0,Automatic,2022,69.5
2022 Volkswagen Taigun 1.0 TSI Topline AT BSVI,Petrol,10400.0,Automatic,2022,16.35
2022 Hyundai Grand i10 Nios Asta,Petrol,23748.0,Manual,2022,6.55
2018 Honda Amaze V CVT Petrol,Petrol,13513.0,Automatic,2018,7.65
2022 Tata Nexon XZA Plus AMT BSVI,Petrol,12952.0,Automatic,2022,10.99
2014 Hyundai Grand i10 Sportz,Petrol,22672.0,Manual,2014,3.84
2012 Maruti Wagon R VXI BS IV,Petrol,23000.0,Manual,2012,2.9
2017 Hyundai i20 Sportz 1.2,Petrol,41048.0,Manual,2017,5.48
2021 BMW 5 Series 520d Luxury Line,Diesel,10000.0,Automatic,2021,58.75
2013 Hyundai i10 Sportz,Petrol,1800.0,Manual,2013,3.15
2019 Jeep Compass 1.4 Limited Plus BSIV,Petrol,34000.0,Automatic,2019,17.5
2016 Maruti Baleno 1.2 Zeta,Petrol,40000.0,Manual,2016,4.7
2021 Toyota Urban cruiser Premium AT,Petrol,30000.0,Automatic,2021,11.4
2018 Hyundai Grand i10 Sportz,Petrol,22700.0,Manual,2018,5.45
2019 BMW X7 xDrive 40i M Sport,Petrol,28000.0,Automatic,2019,99.0
2010 Maruti Wagon R LXI Minor,Petrol,79862.0,Manual,2010,1.69
2018 Hyundai Creta 1.6 VTVT AT SX Plus,Petrol,29146.0,Automatic,2018,11.35
2022 Maruti Baleno Alpha AMT BSVI,Petrol,5500.0,Automatic,2022,9.35
2014 Hyundai i10 Sportz,Petrol,35925.0,Manual,2014,3.14
2018 Maruti Wagon R VXI AMT,Petrol,57999.0,Automatic,2018,4.59
2012 Maruti Wagon R VXI BS IV,Petrol,23000.0,Manual,2012,2.9
2017 Maruti Baleno 1.2 Alpha,Petrol,14352.0,Manual,2017,5.87
2021 BMW 5 Series 520d Luxury Line,Diesel,10000.0,Automatic,2021,58.75
2014 Maruti Ertiga VXI CNG,CNG,49999.0,Manual,2014,6.34
2018 Maruti Baleno 1.2 Zeta,Petrol,21194.0,Manual,2018,6.37
2013 Hyundai i10 Sportz,Petrol,1800.0,Manual,2013,3.15
2020 Hyundai Grand i10 Nios Sportz CNG,CNG,27019.0,Manual,2020,6.7
2020 Maruti Vitara Brezza ZDi AMT,Diesel,24000.0,Automatic,2020,9.95
2010 Honda City 1.5 V MT,Petrol,32000.0,Manual,2010,2.4
2020 Volvo XC40 T4 R-Design BSIV,Petrol,22600.0,Automatic,2020,37.75
2022 Volvo XC 90 B6 Inscription 7STR,Petrol,10000.0,Automatic,2022,85.0
2019 Jeep Compass 1.4 Limited Plus BSIV,Petrol,34000.0,Automatic,2019,17.5
2021 Toyota Urban cruiser Premium AT,Petrol,30000.0,Automatic,2021,11.4
2018 Hyundai Grand i10 Sportz,Petrol,22700.0,Manual,2018,5.45
2021 Audi Q2 Premium,Petrol,9700.0,Automatic,2021,35.49
2020 Maruti Baleno Zeta,Petrol,13519.0,Manual,2020,6.94
2017 Hyundai Creta 1.6 VTVT AT SX Plus,Petrol,45017.0,Automatic,2017,8.75
2013 Maruti Swift VXI BSIV,Petrol,78308.0,Manual,2013,3.57
2017 Honda Jazz V CVT,Petrol,79852.0,Automatic,2017,5.69
2019 BMW X7 xDrive 40i M Sport,Petrol,28000.0,Automatic,2019,99.0
2016 Hyundai EON Magna Plus,Petrol,18049.0,Manual,2016,3.15
2022 Volkswagen Taigun 1.0 TSI Topline ES,Petrol,19500.0,Manual,2022,16.21
2018 Audi Q5 35TDI,Diesel,35000.0,Automatic,2018,41.99
2021 Maruti Ignis Zeta BSVI,Petrol,7643.0,Manual,2021,6.19
2015 Hyundai i20 Magna 1.2,Petrol,12000.0,Manual,2015,5.31
2014 Hyundai Grand i10 AT Asta,Petrol,22316.0,Automatic,2014,4.54
2021 MG Hector Sharp CVT,Petrol,40000.0,Automatic,2021,16.0
2010 Hyundai i10 Magna 1.2,Petrol,45221.0,Manual,2010,2.35
2021 Maruti Baleno Zeta CVT,Petrol,35000.0,Automatic,2021,8.45
2021 BMW X7 xDrive 40i M Sport,Petrol,7000.0,Automatic,2021,1.15
2020 MG Hector Sharp Diesel MT,Diesel,40000.0,Manual,2020,17.0
2016 Honda City i VTEC SV,Petrol,38671.0,Manual,2016,6.25
2012 Hyundai i20 1.2 Sportz Option,Petrol,49303.0,Manual,2012,2.8
2014 Nissan Sunny XL CVT,Petrol,65000.0,Automatic,2014,2.95
2018 Audi Q3 30 TFSI Premium FWD,Petrol,68000.0,Automatic,2018,24.99
2019 Hyundai Venue SX Turbo,Petrol,17536.0,Manual,2019,9.7
2017 Honda Jazz 1.2 V i VTEC,Petrol,30400.0,Manual,2017,5.35
2020 MG Hector Hybrid Sharp MT,Petrol,15071.0,Manual,2020,14.28
2015 Maruti SX4 S Cross DDiS 200 Zeta,Diesel,80100.0,Manual,2015,6.25
2021 Hyundai Verna SX IVT,Petrol,10773.0,Automatic,2021,11.85
2020 Tata Tigor XZA Plus,Petrol,10957.0,Automatic,2020,7.53
2022 Tata Tiago XZ,Petrol,19000.0,Manual,2022,7.45
2015 Hyundai Verna 1.6 SX CRDI (O) AT,Diesel,87900.0,Automatic,2015,6.5
2021 Maruti Ignis Zeta AMT BSVI,Petrol,16100.0,Automatic,2021,6.44
2016 Toyota Etios Cross 1.4L VD,Diesel,48650.0,Manual,2016,5.25
2018 Hyundai Creta 1.6 SX Automatic,Petrol,29252.0,Automatic,2018,11.05
2022 Maruti Ignis Sigma BSVI,Petrol,2300.0,Manual,2022,5.9
2018 Honda Jazz V CVT,Petrol,19446.0,Automatic,2018,6.5
2022 Maruti Ertiga VXI CNG,CNG,26500.0,Manual,2022,11.5
2020 Hyundai Creta SX Opt Diesel AT BSVI,Diesel,35000.0,Automatic,2020,17.41
2017 Honda WR-V i-VTEC S,Petrol,49000.0,Manual,2017,5.85
2018 Volkswagen Polo 1.0 MPI Comfortline,Petrol,40000.0,Manual,2018,4.75
2018 Maruti Swift Dzire VXI,Petrol,34756.0,Manual,2018,6.1
